1673459509, 0B200081, 15001, 3
1673459509, 0B200081, 1101, 3
1673459509, 0B200080, 13501, 3
1673459509, 0B200080, 4801, 3
1673459509, 0B200082, 10, 1
1673459509, 0B200087, 200, 2
1673459510, 0B200081, 15001, 3
1673459510, 0B200081, 1101, 3
1673459510, 0B200080, 13501, 3
1673459510, 0B200080, 4a01, 3
1673459510, 0B200082, 10, 1
1673459510, 0B200087, 200, 2
1673459511, 0B200081, 15001, 3
1673459511, 0B200081, 1101, 3
1673459511, 0B200080, 13501, 3
1673459511, 0B200080, 4501, 3
1673459511, 0B200082, 10, 1
1673459511, 0B200087, 200, 2
1673459512, 0B200081, 15001, 3
1673459512, 0B200081, 1101, 3
1673459512, 0B200080, 13301, 3
1673459512, 0B200080, 4801, 3
1673459512, 0B200082, 10, 1
1673459512, 0B200087, 200, 2
1673459513, 0B200081, 15001, 3
1673459513, 0B200081, 1101, 3
1673459513, 0B200080, 13701, 3
1673459513, 0B200080, 4601, 3
1673459513, 0B200082, 10, 1
1673459513, 0B200087, 200, 2
1673459514, 0B200081, 15001, 3
1673459514, 0B200081, 1101, 3
1673459514, 0B200080, 13501, 3
1673459514, 0B200080, 4701, 3
1673459514, 0B200082, 10, 1
1673459514, 0B200087, 200, 2
1673459515, 0B200081, 15001, 3
1673459515, 0B200081, 1101, 3
1673459515, 0B200080, 13601, 3
1673459515, 0B200080, 4901, 3
1673459515, 0B200082, 10, 1
1673459515, 0B200087, 200, 2
1673459516, 0B200081, 15001, 3
1673459516, 0B200081, 1101, 3
1673459516, 0B200080, 13601, 3
1673459516, 0B200080, 4801, 3
1673459516, 0B200082, 10, 1
1673459516, 0B200087, 200, 2
1673459517, 0B200081, 15001, 3
1673459517, 0B200081, 1101, 3
1673459517, 0B200080, 13601, 3
1673459517, 0B200080, 4a01, 3
1673459517, 0B200082, 10, 1
1673459517, 0B200087, 200, 2
1673459518, 0B200081, 15001, 3
1673459518, 0B200081, 1101, 3
1673459518, 0B200080, 13501, 3
1673459518, 0B200080, 4801, 3
1673459518, 0B200082, 10, 1
1673459518, 0B200087, 200, 2
1673459519, 0B200081, 15001, 3
1673459519, 0B200081, 1101, 3
1673459519, 0B200080, 13501, 3
1673459519, 0B200080, 4701, 3
1673459519, 0B200082, 10, 1
1673459519, 0B200087, 200, 2
1673459520, 0B200081, 15001, 3
1673459520, 0B200081, 1101, 3
1673459520, 0B200080, 13501, 3
1673459520, 0B200080, 4701, 3
1673459520, 0B200082, 10, 1
1673459520, 0B200087, 200, 2
1673459521, 0B200081, 15001, 3
1673459521, 0B200081, 1101, 3
1673459521, 0B200080, 13601, 3
1673459521, 0B200080, 4801, 3
1673459521, 0B200082, 10, 1
1673459521, 0B200087, 200, 2
1673459522, 0B200081, 15001, 3
1673459522, 0B200081, 1101, 3
1673459522, 0B200080, 13601, 3
1673459522, 0B200080, 4601, 3
1673459522, 0B200082, 10, 1
1673459522, 0B200087, 200, 2
1673459523, 0B200081, 15001, 3
1673459523, 0B200081, 1101, 3
1673459523, 0B200080, 13501, 3
1673459523, 0B200080, 4701, 3
1673459523, 0B200082, 10, 1
1673459523, 0B200087, 200, 2
1673459523, 0A20FF00, 0, 0
1673459523, 0A41FF00, 0, 0
1673459523, 0B200000, ff00ff000101ac, 7
1673459523, 0A53FF00, 0, 0
1673459523, 0B020000, ff00ff000101ac, 7
1673459523, 0A43FF00, 0, 0
1673459523, 0B020000, ff00ff000101ac, 7
1673459523, 0A10FF00, 0, 0
1673459523, 0B020000, ff00ff000101ac, 7
1673459523, 0A31FF00, 0, 0
1673459523, 0B020000, ff00ff000101ac, 7
1673459523, 0B020000, ff00ff000101ac, 7
1673459523, 0B310000, d0106000101ac, 7
1673459523, 0B530000, b006b000101ac, 7
1673459523, 0A310080, 0, 0
1673459523, 0B530200, b0061000101ac, 7
1673459523, 0A310090, 0, 0
1673459523, 0B310080, 64, 2
1673459523, 0B530000, b006c000101ac, 7
1673459523, 0B310090, ffffffff, 4
1673459523, 0B530000, b006d000101ac, 7
1673459523, 0A310080, 0, 0
1673459523, 0A310090, 0, 0
1673459523, 0B310080, 64, 2
1673459523, 0B310090, ffffffff, 4
1673459524, 0B200081, 15001, 3
1673459524, 0B200081, 1101, 3
1673459524, 0B200080, 13901, 3
1673459524, 0B200080, 4701, 3
1673459524, 0B200082, 10, 1
1673459524, 0B200087, 200, 2
1673459525, 0B200081, 15001, 3
1673459525, 0B200081, 1101, 3
1673459525, 0B200080, 13501, 3
1673459525, 0B200080, 4801, 3
1673459525, 0B200082, 10, 1
1673459525, 0B200087, 200, 2
1673459526, 0B200081, 15001, 3
1673459526, 0B200081, 1101, 3
1673459526, 0B200080, 13301, 3
1673459526, 0B200080, 4801, 3
1673459526, 0B200082, 10, 1
1673459526, 0B200087, 200, 2
1673459526, 0A200081, 15b01, 3
1673459527, 0B200081, 15b01, 3
1673459527, 0B200081, 1101, 3
1673459527, 0B200080, 13701, 3
1673459527, 0B200080, 4601, 3
1673459527, 0B200082, 10, 1
1673459527, 0B200087, 200, 2
1673459528, 0B200081, 15b01, 3
1673459528, 0B200081, 1101, 3
1673459528, 0B200080, 13601, 3
1673459528, 0B200080, 4701, 3
1673459528, 0B200082, 10, 1
1673459528, 0B200087, 200, 2
1673459529, 0B200081, 15b01, 3
1673459529, 0B200081, 1101, 3
1673459529, 0B200080, 13501, 3
1673459529, 0B200080, 4701, 3
1673459529, 0B200082, 10, 1
1673459529, 0B200087, 200, 2
1673459529, 0A20FF00, 0, 0
1673459529, 0A41FF00, 0, 0
1673459529, 0B200000, ff00ff000101ac, 7
1673459529, 0A53FF00, 0, 0
1673459529, 0B020000, ff00ff000101ac, 7
1673459529, 0A43FF00, 0, 0
1673459529, 0B020000, ff00ff000101ac, 7
1673459529, 0A10FF00, 0, 0
1673459529, 0B020000, ff00ff000101ac, 7
1673459529, 0A31FF00, 0, 0
1673459529, 0B020000, ff00ff000101ac, 7
1673459529, 0B020000, ff00ff000101ac, 7
1673459529, 0B310000, d0106000101ac, 7
1673459529, 0B530000, b006b000101ac, 7
1673459529, 0A310080, 0, 0
1673459529, 0B530200, b0061000101ac, 7
1673459529, 0A310090, 0, 0
1673459529, 0B310080, 64, 2
1673459529, 0B530000, b006c000101ac, 7
1673459529, 0B310090, ffffffff, 4
1673459529, 0B530000, b006d000101ac, 7
1673459530, 0B200081, 15b01, 3
1673459530, 0B200081, 1101, 3
1673459530, 0B200080, 13501, 3
1673459530, 0B200080, 4801, 3
1673459530, 0B200082, 10, 1
1673459530, 0B200087, 200, 2
1673459530, 0A200081, 15201, 3
1673459531, 0B200081, 15201, 3
1673459531, 0B200081, 1101, 3
1673459531, 0B200080, 13601, 3
1673459531, 0B200080, 4801, 3
1673459531, 0B200082, 10, 1
1673459531, 0B200087, 200, 2
1673459532, 0B200081, 15201, 3
1673459532, 0B200081, 1101, 3
1673459532, 0B200080, 13601, 3
1673459532, 0B200080, 4801, 3
1673459532, 0B200082, 10, 1
1673459532, 0B200087, 200, 2
1673459533, 0B200081, 15201, 3
1673459533, 0B200081, 1101, 3
1673459533, 0B200080, 13601, 3
1673459533, 0B200080, 4801, 3
1673459533, 0B200082, 10, 1
1673459533, 0B200087, 200, 2
1673459534, 0B200081, 15201, 3
1673459534, 0B200081, 1101, 3
1673459534, 0B200080, 13501, 3
1673459534, 0B200080, 4701, 3
1673459534, 0B200082, 10, 1
1673459534, 0B200087, 200, 2
1673459535, 0B200081, 15201, 3
1673459535, 0B200081, 1101, 3
1673459535, 0B200080, 13501, 3
1673459535, 0B200080, 4801, 3
1673459535, 0B200082, 10, 1
1673459535, 0B200087, 200, 2
1673459536, 0B200081, 15201, 3
1673459536, 0B200081, 1101, 3
1673459536, 0B200080, 13601, 3
1673459536, 0B200080, 4701, 3
1673459536, 0B200082, 10, 1
1673459536, 0B200087, 200, 2
1673459537, 0B200081, 15201, 3
1673459537, 0B200081, 1101, 3
1673459537, 0B200080, 13601, 3
1673459537, 0B200080, 4701, 3
1673459537, 0B200082, 10, 1
1673459537, 0B200087, 200, 2
1673459537, 0A200081, 14001, 3
1673459538, 0B200081, 14001, 3
1673459538, 0B200081, 1101, 3
1673459538, 0B200080, 13601, 3
1673459538, 0B200080, 4801, 3
1673459538, 0B200082, 10, 1
1673459538, 0B200087, 200, 2
1673459539, 0A200081, 15b01, 3
1673459539, 0B200081, 14001, 3
1673459539, 0B200081, 1101, 3
1673459539, 0B200080, 13601, 3
1673459539, 0B200080, 4901, 3
1673459539, 0B200082, 10, 1
1673459539, 0B200087, 200, 2
1673459540, 0A200081, 15b01, 3
1673459540, 0B200081, 15b01, 3
1673459540, 0B200081, 1101, 3
1673459540, 0B200080, 13801, 3
1673459540, 0B200080, 4801, 3
1673459540, 0B200082, 10, 1
1673459540, 0B200087, 200, 2
1673459541, 0B200081, 15b01, 3
1673459541, 0B200081, 1101, 3
1673459541, 0B200080, 13701, 3
1673459541, 0B200080, 4801, 3
1673459541, 0B200082, 10, 1
1673459541, 0B200087, 200, 2
1673459542, 0B200081, 15b01, 3
1673459542, 0B200081, 1101, 3
1673459542, 0B200080, 13601, 3
1673459542, 0B200080, 4801, 3
1673459542, 0B200082, 10, 1
1673459542, 0B200087, 200, 2
1673459543, 0B200081, 15b01, 3
1673459543, 0B200081, 1101, 3
1673459543, 0B200080, 13701, 3
1673459543, 0B200080, 4801, 3
1673459543, 0B200082, 10, 1
1673459543, 0B200087, 200, 2
1673459543, 0A200081, 16d01, 3
1673459544, 0B200081, 16d01, 3
1673459544, 0B200081, 1101, 3
1673459544, 0B200080, 13701, 3
1673459544, 0B200080, 4801, 3
1673459544, 0B200082, 10, 1
1673459544, 0B200087, 200, 2
1673459545, 0A200081, 12501, 3
1673459545, 0B200081, 16d01, 3
1673459545, 0B200081, 1101, 3
1673459545, 0B200080, 13601, 3
1673459545, 0B200080, 4901, 3
1673459545, 0B200082, 10, 1
1673459545, 0B200087, 200, 2
1673459546, 0A200081, 11301, 3
1673459546, 0B200081, 12501, 3
1673459546, 0B200081, 1101, 3
1673459546, 0B200080, 13601, 3
1673459546, 0B200080, 4801, 3
1673459546, 0B200082, 10, 1
1673459546, 0B200087, 200, 2
1673459547, 0A200081, 10201, 3
1673459547, 0B200081, 11301, 3
1673459547, 0B200081, 1101, 3
1673459547, 0B200080, 13601, 3
1673459547, 0B200080, 4901, 3
1673459547, 0B200082, 10, 1
1673459547, 0B200087, 200, 2
1673459548, 0B200081, 10201, 3
1673459548, 0B200081, 1101, 3
1673459548, 0B200080, 13601, 3
1673459548, 0B200080, 4701, 3
1673459548, 0B200082, 10, 1
1673459548, 0B200087, 200, 2
1673459548, 0A200081, 14a01, 3
1673459549, 0B200081, 14a01, 3
1673459549, 0B200081, 1101, 3
1673459549, 0B200080, 13701, 3
1673459549, 0B200080, 4701, 3
1673459549, 0B200082, 10, 1
1673459549, 0B200087, 200, 2
1673459550, 0A200081, 16301, 3
1673459550, 0B200081, 14a01, 3
1673459550, 0B200081, 1101, 3
1673459550, 0B200080, 13601, 3
1673459550, 0B200080, 4801, 3
1673459550, 0B200082, 10, 1
1673459550, 0B200087, 200, 2
1673459551, 0B200081, 16301, 3
1673459551, 0B200081, 1101, 3
1673459551, 0B200080, 13601, 3
1673459551, 0B200080, 4901, 3
1673459551, 0B200082, 10, 1
1673459551, 0B200087, 200, 2
1673459552, 0B200081, 16301, 3
1673459552, 0B200081, 1101, 3
1673459552, 0B200080, 13401, 3
1673459552, 0B200080, 4901, 3
1673459552, 0B200082, 10, 1
1673459552, 0B200087, 200, 2
1673459553, 0B200081, 16301, 3
1673459553, 0B200081, 1101, 3
1673459553, 0B200080, 13501, 3
1673459553, 0B200080, 4901, 3
1673459553, 0B200082, 10, 1
1673459553, 0B200087, 200, 2
1673459554, 0B200081, 16301, 3
1673459554, 0B200081, 1101, 3
1673459554, 0B200080, 13a01, 3
1673459554, 0B200080, 4901, 3
1673459554, 0B200082, 10, 1
1673459554, 0B200087, 200, 2
1673459555, 0B200081, 16301, 3
1673459555, 0B200081, 1101, 3
1673459555, 0B200080, 13601, 3
1673459555, 0B200080, 4901, 3
1673459555, 0B200082, 10, 1
1673459555, 0B200087, 200, 2
1673459556, 0B200081, 16301, 3
1673459556, 0B200081, 1101, 3
1673459556, 0B200080, 13501, 3
1673459556, 0B200080, 4701, 3
1673459556, 0B200082, 10, 1
1673459556, 0B200087, 200, 2
1673459557, 0B200081, 16301, 3
1673459557, 0B200081, 1101, 3
1673459557, 0B200080, 13601, 3
1673459557, 0B200080, 4701, 3
1673459557, 0B200082, 10, 1
1673459557, 0B200087, 200, 2
1673459558, 0B200081, 16301, 3
1673459558, 0B200081, 1101, 3
1673459558, 0B200080, 13701, 3
1673459558, 0B200080, 4801, 3
1673459558, 0B200082, 10, 1
1673459558, 0B200087, 200, 2
1673459559, 0B200081, 16301, 3
1673459559, 0B200081, 1101, 3
1673459559, 0B200080, 13701, 3
1673459559, 0B200080, 4801, 3
1673459559, 0B200082, 10, 1
1673459559, 0B200087, 200, 2
1673459560, 0B200081, 16301, 3
1673459560, 0B200081, 1101, 3
1673459560, 0B200080, 13701, 3
1673459560, 0B200080, 4801, 3
1673459560, 0B200082, 10, 1
1673459560, 0B200087, 200, 2
1673459561, 0B200081, 16301, 3
1673459561, 0B200081, 1101, 3
1673459561, 0B200080, 13801, 3
1673459561, 0B200080, 4901, 3
1673459561, 0B200082, 10, 1
1673459561, 0B200087, 200, 2
1673459562, 0B200081, 16301, 3
1673459562, 0B200081, 1101, 3
1673459562, 0B200080, 13801, 3
1673459562, 0B200080, 4701, 3
1673459562, 0B200082, 10, 1
1673459562, 0B200087, 200, 2
1673459563, 0B200081, 16301, 3
1673459563, 0B200081, 1101, 3
1673459563, 0B200080, 13701, 3
1673459563, 0B200080, 4c01, 3
1673459563, 0B200082, 10, 1
1673459563, 0B200087, 200, 2
1673459564, 0B200081, 16301, 3
1673459564, 0B200081, 1101, 3
1673459564, 0B200080, 13801, 3
1673459564, 0B200080, 4801, 3
1673459564, 0B200082, 10, 1
1673459564, 0B200087, 200, 2
1673459565, 0B200081, 16301, 3
1673459565, 0B200081, 1101, 3
1673459565, 0B200080, 13701, 3
1673459565, 0B200080, 4801, 3
1673459565, 0B200082, 10, 1
1673459565, 0B200087, 200, 2
1673459566, 0B200081, 16301, 3
1673459566, 0B200081, 1101, 3
1673459566, 0B200080, 13801, 3
1673459566, 0B200080, 4901, 3
1673459566, 0B200082, 10, 1
1673459566, 0B200087, 200, 2
1673459567, 0B200081, 16301, 3
1673459567, 0B200081, 1101, 3
1673459567, 0B200080, 13601, 3
1673459567, 0B200080, 4701, 3
1673459567, 0B200082, 10, 1
1673459567, 0B200087, 200, 2
1673459568, 0B200081, 16301, 3
1673459568, 0B200081, 1101, 3
1673459568, 0B200080, 13901, 3
1673459568, 0B200080, 4701, 3
1673459568, 0B200082, 10, 1
1673459568, 0B200087, 200, 2
1673459569, 0B200081, 16301, 3
1673459569, 0B200081, 1101, 3
1673459569, 0B200080, 13701, 3
1673459569, 0B200080, 4901, 3
1673459569, 0B200082, 10, 1
1673459569, 0B200087, 200, 2
1673459570, 0B200081, 16301, 3
1673459570, 0B200081, 1101, 3
1673459570, 0B200080, 13701, 3
1673459570, 0B200080, 4701, 3
1673459570, 0B200082, 10, 1
1673459570, 0B200087, 200, 2
1673459571, 0B200081, 16301, 3
1673459571, 0B200081, 1101, 3
1673459571, 0B200080, 13501, 3
1673459571, 0B200080, 4701, 3
1673459571, 0B200082, 10, 1
1673459571, 0B200087, 200, 2
1673459572, 0B200081, 16301, 3
1673459572, 0B200081, 1101, 3
1673459572, 0B200080, 13701, 3
1673459572, 0B200080, 4901, 3
1673459572, 0B200082, 10, 1
1673459572, 0B200087, 200, 2
1673459573, 0B200081, 16301, 3
1673459573, 0B200081, 1101, 3
1673459573, 0B200080, 13601, 3
1673459573, 0B200080, 4801, 3
1673459573, 0B200082, 10, 1
1673459573, 0B200087, 200, 2
1673459574, 0B200081, 16301, 3
1673459574, 0B200081, 1101, 3
1673459574, 0B200080, 13701, 3
1673459574, 0B200080, 4a01, 3
1673459574, 0B200082, 10, 1
1673459574, 0B200087, 200, 2
1673459575, 0B200081, 16301, 3
1673459575, 0B200081, 1101, 3
1673459575, 0B200080, 13601, 3
1673459575, 0B200080, 4801, 3
1673459575, 0B200082, 10, 1
1673459575, 0B200087, 200, 2
1673459576, 0B200081, 16301, 3
1673459576, 0B200081, 1101, 3
1673459576, 0B200080, 13801, 3
1673459576, 0B200080, 4701, 3
1673459576, 0B200082, 10, 1
1673459576, 0B200087, 200, 2
1673459577, 0B200081, 16301, 3
1673459577, 0B200081, 1101, 3
1673459577, 0B200080, 13701, 3
1673459577, 0B200080, 4a01, 3
1673459577, 0B200082, 10, 1
1673459577, 0B200087, 200, 2
1673459578, 0B200081, 16301, 3
1673459578, 0B200081, 1101, 3
1673459578, 0B200080, 13801, 3
1673459578, 0B200080, 4a01, 3
1673459578, 0B200082, 10, 1
1673459578, 0B200087, 200, 2
1673459579, 0B200081, 16301, 3
1673459579, 0B200081, 1101, 3
1673459579, 0B200080, 13901, 3
1673459579, 0B200080, 4901, 3
1673459579, 0B200082, 10, 1
1673459579, 0B200087, 200, 2
1673459580, 0B200081, 16301, 3
1673459580, 0B200081, 1101, 3
1673459580, 0B200080, 13a01, 3
1673459580, 0B200080, 4901, 3
1673459580, 0B200082, 10, 1
1673459580, 0B200087, 200, 2
1673459581, 0B200081, 16301, 3
1673459581, 0B200081, 1101, 3
1673459581, 0B200080, 13701, 3
1673459581, 0B200080, 4701, 3
1673459581, 0B200082, 10, 1
1673459581, 0B200087, 200, 2
1673459582, 0B200081, 16301, 3
1673459582, 0B200081, 1101, 3
1673459582, 0B200080, 13701, 3
1673459582, 0B200080, 4901, 3
1673459582, 0B200082, 10, 1
1673459582, 0B200087, 200, 2
1673459583, 0B200081, 16301, 3
1673459583, 0B200081, 1101, 3
1673459583, 0B200080, 13801, 3
1673459583, 0B200080, 4901, 3
1673459583, 0B200082, 10, 1
1673459583, 0B200087, 200, 2
1673459583, 0A20FF00, 0, 0
1673459583, 0A41FF00, 0, 0
1673459583, 0B200000, ff00ff000101ac, 7
1673459583, 0A53FF00, 0, 0
1673459583, 0B020000, ff00ff000101ac, 7
1673459583, 0B020000, ff00ff000101ac, 7
1673459583, 0A43FF00, 0, 0
1673459583, 0A10FF00, 0, 0
1673459583, 0B020000, ff00ff000101ac, 7
1673459583, 0A31FF00, 0, 0
1673459583, 0B020000, ff00ff000101ac, 7
1673459583, 0B020000, ff00ff000101ac, 7
1673459583, 0B310000, d0106000101ac, 7
1673459583, 0B530000, b006d000101ac, 7
1673459583, 0A310080, 0, 0
1673459583, 0B530000, b006b000101ac, 7
1673459583, 0A310080, 0, 0
1673459583, 0A310090, 0, 0
1673459583, 0A310090, 0, 0
1673459583, 0B310080, 64, 2
1673459583, 0B310080, 64, 2
1673459583, 0B530200, b0061000101ac, 7
1673459583, 0B310090, ffffffff, 4
1673459583, 0B310090, ffffffff, 4
1673459583, 0B530000, b006c000101ac, 7
1673459584, 0B200081, 16301, 3
1673459584, 0B200081, 1101, 3
1673459584, 0B200080, 13701, 3
1673459584, 0B200080, 4901, 3
1673459584, 0B200082, 10, 1
1673459584, 0B200087, 200, 2
1673459585, 0B200081, 16301, 3
1673459585, 0B200081, 1101, 3
1673459585, 0B200080, 13801, 3
1673459585, 0B200080, 4a01, 3
1673459585, 0B200082, 10, 1
1673459585, 0B200087, 200, 2
1673459586, 0B200081, 16301, 3
1673459586, 0B200081, 1101, 3
1673459586, 0B200080, 13901, 3
1673459586, 0B200080, 4701, 3
1673459586, 0B200082, 10, 1
1673459586, 0B200087, 200, 2
1673459587, 0B200081, 16301, 3
1673459587, 0B200081, 1101, 3
1673459587, 0B200080, 13a01, 3
1673459587, 0B200080, 4901, 3
1673459587, 0B200082, 10, 1
1673459587, 0B200087, 200, 2
1673459588, 0B200081, 16301, 3
1673459588, 0B200081, 1101, 3
1673459588, 0B200080, 13801, 3
1673459588, 0B200080, 4701, 3
1673459588, 0B200082, 10, 1
1673459588, 0B200087, 200, 2
1673459589, 0B200081, 16301, 3
1673459589, 0B200081, 1101, 3
1673459589, 0B200080, 13b01, 3
1673459589, 0B200080, 4901, 3
1673459589, 0B200082, 10, 1
1673459589, 0B200087, 200, 2
1673459589, 0A20FF00, 0, 0
1673459589, 0A41FF00, 0, 0
1673459589, 0B200000, ff00ff000101ac, 7
1673459589, 0A53FF00, 0, 0
1673459589, 0B020000, ff00ff000101ac, 7
1673459589, 0A43FF00, 0, 0
1673459589, 0B020000, ff00ff000101ac, 7
1673459589, 0A10FF00, 0, 0
1673459589, 0B020000, ff00ff000101ac, 7
1673459589, 0A31FF00, 0, 0
1673459589, 0B020000, ff00ff000101ac, 7
1673459589, 0B020000, ff00ff000101ac, 7
1673459589, 0B310000, d0106000101ac, 7
1673459589, 0A310080, 0, 0
1673459589, 0A310090, 0, 0
1673459589, 0B310080, 64, 2
1673459589, 0B310090, ffffffff, 4
1673459589, 0B530000, b006c000101ac, 7
1673459589, 0B530000, b006d000101ac, 7
1673459589, 0B530200, b0061000101ac, 7
1673459589, 0B530000, b006b000101ac, 7
1673459590, 0B200081, 16301, 3
1673459590, 0B200081, 1101, 3
1673459590, 0B200080, 13701, 3
1673459590, 0B200080, 4901, 3
1673459590, 0B200082, 10, 1
1673459590, 0B200087, 200, 2
1673459591, 0B200081, 16301, 3
1673459591, 0B200081, 1101, 3
1673459591, 0B200080, 13701, 3
1673459591, 0B200080, 4801, 3
1673459591, 0B200082, 10, 1
1673459591, 0B200087, 200, 2
1673459592, 0B200081, 16301, 3
1673459592, 0B200081, 1101, 3
1673459592, 0B200080, 13601, 3
1673459592, 0B200080, 4901, 3
1673459592, 0B200082, 10, 1
1673459592, 0B200087, 200, 2
1673459593, 0B200081, 16301, 3
1673459593, 0B200081, 1101, 3
1673459593, 0B200080, 13701, 3
1673459593, 0B200080, 4701, 3
1673459593, 0B200082, 10, 1
1673459593, 0B200087, 200, 2
1673459594, 0B200081, 16301, 3
1673459594, 0B200081, 1101, 3
1673459594, 0B200080, 13701, 3
1673459594, 0B200080, 4801, 3
1673459594, 0B200082, 10, 1
1673459594, 0B200087, 200, 2
1673459595, 0B200081, 16301, 3
1673459595, 0B200081, 1101, 3
1673459595, 0B200080, 13701, 3
1673459595, 0B200080, 4901, 3
1673459595, 0B200082, 10, 1
1673459595, 0B200087, 200, 2
1673459596, 0B200081, 16301, 3
1673459596, 0B200081, 1101, 3
1673459596, 0B200080, 13701, 3
1673459596, 0B200080, 4801, 3
1673459596, 0B200082, 10, 1
1673459596, 0B200087, 200, 2
1673459597, 0B200081, 16301, 3
1673459597, 0B200081, 1101, 3
1673459597, 0B200080, 13801, 3
1673459597, 0B200080, 4801, 3
1673459597, 0B200082, 10, 1
1673459597, 0B200087, 200, 2
1673459598, 0B200081, 16301, 3
1673459598, 0B200081, 1101, 3
1673459598, 0B200080, 13701, 3
1673459598, 0B200080, 4901, 3
1673459598, 0B200082, 10, 1
1673459598, 0B200087, 200, 2
1673459599, 0B200081, 16301, 3
1673459599, 0B200081, 1101, 3
1673459599, 0B200080, 13801, 3
1673459599, 0B200080, 4901, 3
1673459599, 0B200082, 10, 1
1673459599, 0B200087, 200, 2
1673459600, 0B200081, 16301, 3
1673459600, 0B200081, 1101, 3
1673459600, 0B200080, 13701, 3
1673459600, 0B200080, 4901, 3
1673459600, 0B200082, 10, 1
1673459600, 0B200087, 200, 2
1673459601, 0B200081, 16301, 3
1673459601, 0B200081, 1101, 3
1673459601, 0B200080, 13601, 3
1673459601, 0B200080, 4a01, 3
1673459601, 0B200082, 10, 1
1673459601, 0B200087, 200, 2
1673459602, 0B200081, 16301, 3
1673459602, 0B200081, 1101, 3
1673459602, 0B200080, 13601, 3
1673459602, 0B200080, 4801, 3
1673459602, 0B200082, 10, 1
1673459602, 0B200087, 200, 2
1673459603, 0B200081, 16301, 3
1673459603, 0B200081, 1101, 3
1673459603, 0B200080, 13501, 3
1673459603, 0B200080, 4801, 3
1673459603, 0B200082, 10, 1
1673459603, 0B200087, 200, 2
1673459604, 0B200081, 16301, 3
1673459604, 0B200081, 1101, 3
1673459604, 0B200080, 13501, 3
1673459604, 0B200080, 4801, 3
1673459604, 0B200082, 10, 1
1673459604, 0B200087, 200, 2
1673459605, 0B200081, 16301, 3
1673459605, 0B200081, 1101, 3
1673459605, 0B200080, 13801, 3
1673459605, 0B200080, 4a01, 3
1673459605, 0B200082, 10, 1
1673459605, 0B200087, 200, 2
1673459606, 0B200081, 16301, 3
1673459606, 0B200081, 1101, 3
1673459606, 0B200080, 13701, 3
1673459606, 0B200080, 4901, 3
1673459606, 0B200082, 10, 1
1673459606, 0B200087, 200, 2
1673459607, 0B200081, 16301, 3
1673459607, 0B200081, 1101, 3
1673459607, 0B200080, 13901, 3
1673459607, 0B200080, 4901, 3
1673459607, 0B200082, 10, 1
1673459607, 0B200087, 200, 2
1673459608, 0B200081, 16301, 3
1673459608, 0B200081, 1101, 3
1673459608, 0B200080, 13a01, 3
1673459608, 0B200080, 4901, 3
1673459608, 0B200082, 10, 1
1673459608, 0B200087, 200, 2
1673459609, 0B200081, 16301, 3
1673459609, 0B200081, 1101, 3
1673459609, 0B200080, 13801, 3
1673459609, 0B200080, 4901, 3
1673459609, 0B200082, 10, 1
1673459609, 0B200087, 200, 2
1673459610, 0B200081, 16301, 3
1673459610, 0B200081, 1101, 3
1673459610, 0B200080, 13801, 3
1673459610, 0B200080, 4a01, 3
1673459610, 0B200082, 10, 1
1673459610, 0B200087, 200, 2
1673459611, 0B200081, 16301, 3
1673459611, 0B200081, 1101, 3
1673459611, 0B200080, 13801, 3
1673459611, 0B200080, 4901, 3
1673459611, 0B200082, 10, 1
1673459611, 0B200087, 200, 2
1673459612, 0B200081, 16301, 3
1673459612, 0B200081, 1101, 3
1673459612, 0B200080, 13701, 3
1673459612, 0B200080, 4901, 3
1673459612, 0B200082, 10, 1
1673459612, 0B200087, 200, 2
1673459613, 0B200081, 16301, 3
1673459613, 0B200081, 1101, 3
1673459613, 0B200080, 13701, 3
1673459613, 0B200080, 4801, 3
1673459613, 0B200082, 10, 1
1673459613, 0B200087, 200, 2
1673459614, 0B200081, 16301, 3
1673459614, 0B200081, 1101, 3
1673459614, 0B200080, 13701, 3
1673459614, 0B200080, 4801, 3
1673459614, 0B200082, 10, 1
1673459614, 0B200087, 200, 2
1673459615, 0B200081, 16301, 3
1673459615, 0B200081, 1101, 3
1673459615, 0B200080, 13901, 3
1673459615, 0B200080, 4a01, 3
1673459615, 0B200082, 10, 1
1673459615, 0B200087, 200, 2
1673459616, 0B200081, 16301, 3
1673459616, 0B200081, 1101, 3
1673459616, 0B200080, 13701, 3
1673459616, 0B200080, 4701, 3
1673459616, 0B200082, 10, 1
1673459616, 0B200087, 200, 2
1673459617, 0B200081, 16301, 3
1673459617, 0B200081, 1101, 3
1673459617, 0B200080, 13701, 3
1673459617, 0B200080, 4901, 3
1673459617, 0B200082, 10, 1
1673459617, 0B200087, 200, 2
1673459618, 0B200081, 16301, 3
1673459618, 0B200081, 1101, 3
1673459618, 0B200080, 13601, 3
1673459618, 0B200080, 4801, 3
1673459618, 0B200082, 10, 1
1673459618, 0B200087, 200, 2
1673459619, 0B200081, 16301, 3
1673459619, 0B200081, 1101, 3
1673459619, 0B200080, 13701, 3
1673459619, 0B200080, 4901, 3
1673459619, 0B200082, 10, 1
1673459619, 0B200087, 200, 2
1673459620, 0B200081, 16301, 3
1673459620, 0B200081, 1101, 3
1673459620, 0B200080, 13801, 3
1673459620, 0B200080, 4901, 3
1673459620, 0B200082, 10, 1
1673459620, 0B200087, 200, 2
1673459621, 0B200081, 16301, 3
1673459621, 0B200081, 1101, 3
1673459621, 0B200080, 13801, 3
1673459621, 0B200080, 4901, 3
1673459621, 0B200082, 10, 1
1673459621, 0B200087, 200, 2
1673459622, 0B200081, 16301, 3
1673459622, 0B200081, 1101, 3
1673459622, 0B200080, 13801, 3
1673459622, 0B200080, 4c01, 3
1673459622, 0B200082, 10, 1
1673459622, 0B200087, 200, 2
1673459623, 0B200081, 16301, 3
1673459623, 0B200081, 1101, 3
1673459623, 0B200080, 13901, 3
1673459623, 0B200080, 4901, 3
1673459623, 0B200082, 10, 1
1673459623, 0B200087, 200, 2
1673459624, 0B200081, 16301, 3
1673459624, 0B200081, 1101, 3
1673459624, 0B200080, 13801, 3
1673459624, 0B200080, 4a01, 3
1673459624, 0B200082, 10, 1
1673459624, 0B200087, 200, 2
1673459625, 0B200081, 16301, 3
1673459625, 0B200081, 1101, 3
1673459625, 0B200080, 13701, 3
1673459625, 0B200080, 4901, 3
1673459625, 0B200082, 10, 1
1673459625, 0B200087, 200, 2
1673459626, 0B200081, 16301, 3
1673459626, 0B200081, 1101, 3
1673459626, 0B200080, 13901, 3
1673459626, 0B200080, 4a01, 3
1673459626, 0B200082, 10, 1
1673459626, 0B200087, 200, 2
1673459627, 0B200081, 16301, 3
1673459627, 0B200081, 1101, 3
1673459627, 0B200080, 13a01, 3
1673459627, 0B200080, 4801, 3
1673459627, 0B200082, 10, 1
1673459627, 0B200087, 200, 2
1673459628, 0B200081, 16301, 3
1673459628, 0B200081, 1101, 3
1673459628, 0B200080, 13801, 3
1673459628, 0B200080, 4a01, 3
1673459628, 0B200082, 10, 1
1673459628, 0B200087, 200, 2
1673459629, 0B200081, 16301, 3
1673459629, 0B200081, 1101, 3
1673459629, 0B200080, 13701, 3
1673459629, 0B200080, 4901, 3
1673459629, 0B200082, 10, 1
1673459629, 0B200087, 200, 2
1673459630, 0B200081, 16301, 3
1673459630, 0B200081, 1101, 3
1673459630, 0B200080, 13601, 3
1673459630, 0B200080, 4a01, 3
1673459630, 0B200082, 10, 1
1673459630, 0B200087, 200, 2
1673459631, 0B200081, 16301, 3
1673459631, 0B200081, 1101, 3
1673459631, 0B200080, 13601, 3
1673459631, 0B200080, 4901, 3
1673459631, 0B200082, 10, 1
1673459631, 0B200087, 200, 2
1673459632, 0B200081, 16301, 3
1673459632, 0B200081, 1101, 3
1673459632, 0B200080, 13701, 3
1673459632, 0B200080, 4801, 3
1673459632, 0B200082, 10, 1
1673459632, 0B200087, 200, 2
1673459633, 0B200081, 16301, 3
1673459633, 0B200081, 1101, 3
1673459633, 0B200080, 13801, 3
1673459633, 0B200080, 4901, 3
1673459633, 0B200082, 10, 1
1673459633, 0B200087, 200, 2
1673459634, 0B200081, 16301, 3
1673459634, 0B200081, 1101, 3
1673459634, 0B200080, 13801, 3
1673459634, 0B200080, 4801, 3
1673459634, 0B200082, 10, 1
1673459634, 0B200087, 200, 2
1673459635, 0B200081, 16301, 3
1673459635, 0B200081, 1101, 3
1673459635, 0B200080, 13801, 3
1673459635, 0B200080, 4a01, 3
1673459635, 0B200082, 10, 1
1673459635, 0B200087, 200, 2
1673459636, 0B200081, 16301, 3
1673459636, 0B200081, 1101, 3
1673459636, 0B200080, 13701, 3
1673459636, 0B200080, 4901, 3
1673459636, 0B200082, 10, 1
1673459636, 0B200087, 200, 2
1673459637, 0B200081, 16301, 3
1673459637, 0B200081, 1101, 3
1673459637, 0B200080, 13701, 3
1673459637, 0B200080, 4a01, 3
1673459637, 0B200082, 10, 1
1673459637, 0B200087, 200, 2
1673459638, 0B200081, 16301, 3
1673459638, 0B200081, 1101, 3
1673459638, 0B200080, 13901, 3
1673459638, 0B200080, 4b01, 3
1673459638, 0B200082, 10, 1
1673459638, 0B200087, 200, 2
1673459639, 0B200081, 16301, 3
1673459639, 0B200081, 1101, 3
1673459639, 0B200080, 13801, 3
1673459639, 0B200080, 4a01, 3
1673459639, 0B200082, 10, 1
1673459639, 0B200087, 200, 2
1673459640, 0B200081, 16301, 3
1673459640, 0B200081, 1101, 3
1673459640, 0B200080, 13901, 3
1673459640, 0B200080, 4901, 3
1673459640, 0B200082, 10, 1
1673459640, 0B200087, 200, 2
1673459641, 0B200081, 16301, 3
1673459641, 0B200081, 1101, 3
1673459641, 0B200080, 13801, 3
1673459641, 0B200080, 4a01, 3
1673459641, 0B200082, 10, 1
1673459641, 0B200087, 200, 2
1673459642, 0B200081, 16301, 3
1673459642, 0B200081, 1101, 3
1673459642, 0B200080, 13801, 3
1673459642, 0B200080, 4c01, 3
1673459642, 0B200082, 10, 1
1673459642, 0B200087, 200, 2
1673459643, 0B200081, 16301, 3
1673459643, 0B200081, 1101, 3
1673459643, 0B200080, 13601, 3
1673459643, 0B200080, 4c01, 3
1673459643, 0B200082, 10, 1
1673459643, 0B200087, 200, 2
1673459643, 0A20FF00, 0, 0
1673459643, 0A41FF00, 0, 0
1673459643, 0B200000, ff00ff000101ac, 7
1673459643, 0A53FF00, 0, 0
1673459643, 0B020000, ff00ff000101ac, 7
1673459643, 0A43FF00, 0, 0
1673459643, 0B020000, ff00ff000101ac, 7
1673459643, 0A10FF00, 0, 0
1673459643, 0B020000, ff00ff000101ac, 7
1673459643, 0A31FF00, 0, 0
1673459643, 0B020000, ff00ff000101ac, 7
1673459643, 0B020000, ff00ff000101ac, 7
1673459643, 0B310000, d0106000101ac, 7
1673459643, 0B530000, b006b000101ac, 7
1673459643, 0B530000, b006c000101ac, 7
1673459643, 0B530200, b0061000101ac, 7
1673459643, 0A310080, 0, 0
1673459643, 0A310090, 0, 0
1673459643, 0B530000, b006d000101ac, 7
1673459643, 0B310080, 64, 2
1673459643, 0B310090, ffffffff, 4
1673459643, 0A310080, 0, 0
1673459643, 0A310090, 0, 0
1673459643, 0B310080, 64, 2
1673459643, 0B310090, ffffffff, 4
1673459644, 0B200081, 16301, 3
1673459644, 0B200081, 1101, 3
1673459644, 0B200080, 13801, 3
1673459644, 0B200080, 4901, 3
1673459644, 0B200082, 10, 1
1673459644, 0B200087, 200, 2
1673459645, 0B200081, 16301, 3
1673459645, 0B200081, 1101, 3
1673459645, 0B200080, 13901, 3
1673459645, 0B200080, 4901, 3
1673459645, 0B200082, 10, 1
1673459645, 0B200087, 200, 2
1673459646, 0B200081, 16301, 3
1673459646, 0B200081, 1101, 3
1673459646, 0B200080, 13801, 3
1673459646, 0B200080, 4901, 3
1673459646, 0B200082, 10, 1
1673459646, 0B200087, 200, 2
1673459647, 0B200081, 16301, 3
1673459647, 0B200081, 1101, 3
1673459647, 0B200080, 13801, 3
1673459647, 0B200080, 4a01, 3
1673459647, 0B200082, 10, 1
1673459647, 0B200087, 200, 2
1673459648, 0B200081, 16301, 3
1673459648, 0B200081, 1101, 3
1673459648, 0B200080, 13701, 3
1673459648, 0B200080, 4901, 3
1673459648, 0B200082, 10, 1
1673459648, 0B200087, 200, 2
1673459649, 0B200081, 16301, 3
1673459649, 0B200081, 1101, 3
1673459649, 0B200080, 13801, 3
1673459649, 0B200080, 4a01, 3
1673459649, 0B200082, 10, 1
1673459649, 0B200087, 200, 2
1673459649, 0A20FF00, 0, 0
1673459649, 0A41FF00, 0, 0
1673459649, 0B200000, ff00ff000101ac, 7
1673459649, 0A53FF00, 0, 0
1673459649, 0B020000, ff00ff000101ac, 7
1673459649, 0A43FF00, 0, 0
1673459649, 0B020000, ff00ff000101ac, 7
1673459649, 0A10FF00, 0, 0
1673459649, 0B020000, ff00ff000101ac, 7
1673459649, 0A31FF00, 0, 0
1673459649, 0B020000, ff00ff000101ac, 7
1673459649, 0B020000, ff00ff000101ac, 7
1673459649, 0B310000, d0106000101ac, 7
1673459649, 0B530000, b006b000101ac, 7
1673459649, 0A310080, 0, 0
1673459649, 0B530200, b0061000101ac, 7
1673459649, 0A310090, 0, 0
1673459649, 0B310080, 64, 2
1673459649, 0B530000, b006c000101ac, 7
1673459649, 0B310090, ffffffff, 4
1673459649, 0B530000, b006d000101ac, 7
1673459650, 0B200081, 16301, 3
1673459650, 0B200081, 1101, 3
1673459650, 0B200080, 13601, 3
1673459650, 0B200080, 4a01, 3
1673459650, 0B200082, 10, 1
1673459650, 0B200087, 200, 2
1673459651, 0B200081, 16301, 3
1673459651, 0B200081, 1101, 3
1673459651, 0B200080, 13c01, 3
1673459651, 0B200080, 4901, 3
1673459651, 0B200082, 10, 1
1673459651, 0B200087, 200, 2
1673459652, 0B200081, 16301, 3
1673459652, 0B200081, 1101, 3
1673459652, 0B200080, 13801, 3
1673459652, 0B200080, 4901, 3
1673459652, 0B200082, 10, 1
1673459652, 0B200087, 200, 2
1673459653, 0B200081, 16301, 3
1673459653, 0B200081, 1101, 3
1673459653, 0B200080, 13901, 3
1673459653, 0B200080, 4901, 3
1673459653, 0B200082, 10, 1
1673459653, 0B200087, 200, 2
1673459654, 0B200081, 16301, 3
1673459654, 0B200081, 1101, 3
1673459654, 0B200080, 13801, 3
1673459654, 0B200080, 4b01, 3
1673459654, 0B200082, 10, 1
1673459654, 0B200087, 200, 2
1673459655, 0B200081, 16301, 3
1673459655, 0B200081, 1101, 3
1673459655, 0B200080, 13a01, 3
1673459655, 0B200080, 4a01, 3
1673459655, 0B200082, 10, 1
1673459655, 0B200087, 200, 2
1673459656, 0B200081, 16301, 3
1673459656, 0B200081, 1101, 3
1673459656, 0B200080, 13901, 3
1673459656, 0B200080, 4a01, 3
1673459656, 0B200082, 10, 1
1673459656, 0B200087, 200, 2
1673459657, 0B200081, 16301, 3
1673459657, 0B200081, 1101, 3
1673459657, 0B200080, 13901, 3
1673459657, 0B200080, 4a01, 3
1673459657, 0B200082, 10, 1
1673459657, 0B200087, 200, 2
1673459658, 0B200081, 16301, 3
1673459658, 0B200081, 1101, 3
1673459658, 0B200080, 13701, 3
1673459658, 0B200080, 4901, 3
1673459658, 0B200082, 10, 1
1673459658, 0B200087, 200, 2
1673459659, 0B200081, 16301, 3
1673459659, 0B200081, 1101, 3
1673459659, 0B200080, 13901, 3
1673459659, 0B200080, 4901, 3
1673459659, 0B200082, 10, 1
1673459659, 0B200087, 200, 2
1673459660, 0B200081, 16301, 3
1673459660, 0B200081, 1101, 3
1673459660, 0B200080, 13901, 3
1673459660, 0B200080, 4a01, 3
1673459660, 0B200082, 10, 1
1673459660, 0B200087, 200, 2
1673459661, 0B200081, 16301, 3
1673459661, 0B200081, 1101, 3
1673459661, 0B200080, 13701, 3
1673459661, 0B200080, 4a01, 3
1673459661, 0B200082, 10, 1
1673459661, 0B200087, 200, 2
1673459662, 0B200081, 16301, 3
1673459662, 0B200081, 1101, 3
1673459662, 0B200080, 13801, 3
1673459662, 0B200080, 4a01, 3
1673459662, 0B200082, 10, 1
1673459662, 0B200087, 200, 2
1673459663, 0B200081, 16301, 3
1673459663, 0B200081, 1101, 3
1673459663, 0B200080, 13701, 3
1673459663, 0B200080, 4701, 3
1673459663, 0B200082, 10, 1
1673459663, 0B200087, 200, 2
1673459664, 0B200081, 16301, 3
1673459664, 0B200081, 1101, 3
1673459664, 0B200080, 13801, 3
1673459664, 0B200080, 4a01, 3
1673459664, 0B200082, 10, 1
1673459664, 0B200087, 200, 2
1673459665, 0B200081, 16301, 3
1673459665, 0B200081, 1101, 3
1673459665, 0B200080, 13801, 3
1673459665, 0B200080, 4a01, 3
1673459665, 0B200082, 10, 1
1673459665, 0B200087, 200, 2
1673459666, 0B200081, 16301, 3
1673459666, 0B200081, 1101, 3
1673459666, 0B200080, 13801, 3
1673459666, 0B200080, 4a01, 3
1673459666, 0B200082, 10, 1
1673459666, 0B200087, 200, 2
1673459667, 0B200081, 16301, 3
1673459667, 0B200081, 1101, 3
1673459667, 0B200080, 13701, 3
1673459667, 0B200080, 4c01, 3
1673459667, 0B200082, 10, 1
1673459667, 0B200087, 200, 2
1673459668, 0B200081, 16301, 3
1673459668, 0B200081, 1101, 3
1673459668, 0B200080, 13601, 3
1673459668, 0B200080, 4b01, 3
1673459668, 0B200082, 10, 1
1673459668, 0B200087, 200, 2
1673459669, 0B200081, 16301, 3
1673459669, 0B200081, 1101, 3
1673459669, 0B200080, 13701, 3
1673459669, 0B200080, 4901, 3
1673459669, 0B200082, 10, 1
1673459669, 0B200087, 200, 2
1673459670, 0B200081, 16301, 3
1673459670, 0B200081, 1101, 3
1673459670, 0B200080, 13801, 3
1673459670, 0B200080, 4b01, 3
1673459670, 0B200082, 10, 1
1673459670, 0B200087, 200, 2
1673459671, 0B200081, 16301, 3
1673459671, 0B200081, 1101, 3
1673459671, 0B200080, 13801, 3
1673459671, 0B200080, 4901, 3
1673459671, 0B200082, 10, 1
1673459671, 0B200087, 200, 2
1673459672, 0B200081, 16301, 3
1673459672, 0B200081, 1101, 3
1673459672, 0B200080, 13a01, 3
1673459672, 0B200080, 4b01, 3
1673459672, 0B200082, 10, 1
1673459672, 0B200087, 200, 2
1673459673, 0B200081, 16301, 3
1673459673, 0B200081, 1101, 3
1673459673, 0B200080, 13701, 3
1673459673, 0B200080, 4a01, 3
1673459673, 0B200082, 10, 1
1673459673, 0B200087, 200, 2
1673459674, 0B200081, 16301, 3
1673459674, 0B200081, 1101, 3
1673459674, 0B200080, 13a01, 3
1673459674, 0B200080, 4a01, 3
1673459674, 0B200082, 10, 1
1673459674, 0B200087, 200, 2
1673459675, 0B200081, 16301, 3
1673459675, 0B200081, 1101, 3
1673459675, 0B200080, 13801, 3
1673459675, 0B200080, 4901, 3
1673459675, 0B200082, 10, 1
1673459675, 0B200087, 200, 2
1673459676, 0B200081, 16301, 3
1673459676, 0B200081, 1101, 3
1673459676, 0B200080, 13801, 3
1673459676, 0B200080, 4b01, 3
1673459676, 0B200082, 10, 1
1673459676, 0B200087, 200, 2
1673459677, 0B200081, 16301, 3
1673459677, 0B200081, 1101, 3
1673459677, 0B200080, 13a01, 3
1673459677, 0B200080, 4c01, 3
1673459677, 0B200082, 10, 1
1673459677, 0B200087, 200, 2
1673459678, 0B200081, 16301, 3
1673459678, 0B200081, 1101, 3
1673459678, 0B200080, 13901, 3
1673459678, 0B200080, 4a01, 3
1673459678, 0B200082, 10, 1
1673459678, 0B200087, 200, 2
1673459679, 0B200081, 16301, 3
1673459679, 0B200081, 1101, 3
1673459679, 0B200080, 13901, 3
1673459679, 0B200080, 4901, 3
1673459679, 0B200082, 10, 1
1673459679, 0B200087, 200, 2
1673459680, 0B200081, 16301, 3
1673459680, 0B200081, 1101, 3
1673459680, 0B200080, 13a01, 3
1673459680, 0B200080, 4901, 3
1673459680, 0B200082, 10, 1
1673459680, 0B200087, 200, 2
1673459681, 0B200081, 16301, 3
1673459681, 0B200081, 1101, 3
1673459681, 0B200080, 13801, 3
1673459681, 0B200080, 4b01, 3
1673459681, 0B200082, 10, 1
1673459681, 0B200087, 200, 2
1673459682, 0B200081, 16301, 3
1673459682, 0B200081, 1101, 3
1673459682, 0B200080, 13901, 3
1673459682, 0B200080, 4901, 3
1673459682, 0B200082, 10, 1
1673459682, 0B200087, 200, 2
1673459683, 0B200081, 16301, 3
1673459683, 0B200081, 1101, 3
1673459683, 0B200080, 13901, 3
1673459683, 0B200080, 4a01, 3
1673459683, 0B200082, 10, 1
1673459683, 0B200087, 200, 2
1673459684, 0B200081, 16301, 3
1673459684, 0B200081, 1101, 3
1673459684, 0B200080, 13701, 3
1673459684, 0B200080, 4901, 3
1673459684, 0B200082, 10, 1
1673459684, 0B200087, 200, 2
1673459685, 0B200081, 16301, 3
1673459685, 0B200081, 1101, 3
1673459685, 0B200080, 13a01, 3
1673459685, 0B200080, 4a01, 3
1673459685, 0B200082, 10, 1
1673459685, 0B200087, 200, 2
1673459686, 0B200081, 16301, 3
1673459686, 0B200081, 1101, 3
1673459686, 0B200080, 13901, 3
1673459686, 0B200080, 4901, 3
1673459686, 0B200082, 10, 1
1673459686, 0B200087, 200, 2
1673459687, 0B200081, 16301, 3
1673459687, 0B200081, 1101, 3
1673459687, 0B200080, 13901, 3
1673459687, 0B200080, 4b01, 3
1673459687, 0B200082, 10, 1
1673459687, 0B200087, 200, 2
1673459688, 0B200081, 16301, 3
1673459688, 0B200081, 1101, 3
1673459688, 0B200080, 13901, 3
1673459688, 0B200080, 4901, 3
1673459688, 0B200082, 10, 1
1673459688, 0B200087, 200, 2
1673459689, 0B200081, 16301, 3
1673459689, 0B200081, 1101, 3
1673459689, 0B200080, 13901, 3
1673459689, 0B200080, 4b01, 3
1673459689, 0B200082, 10, 1
1673459689, 0B200087, 200, 2
1673459690, 0B200081, 16301, 3
1673459690, 0B200081, 1101, 3
1673459690, 0B200080, 13a01, 3
1673459690, 0B200080, 4c01, 3
1673459690, 0B200082, 10, 1
1673459690, 0B200087, 200, 2
1673459691, 0B200081, 16301, 3
1673459691, 0B200081, 1101, 3
1673459691, 0B200080, 13801, 3
1673459691, 0B200080, 4a01, 3
1673459691, 0B200082, 10, 1
1673459691, 0B200087, 200, 2
1673459692, 0B200081, 16301, 3
1673459692, 0B200081, 1101, 3
1673459692, 0B200080, 13901, 3
1673459692, 0B200080, 4a01, 3
1673459692, 0B200082, 10, 1
1673459692, 0B200087, 200, 2
1673459693, 0B200081, 16301, 3
1673459693, 0B200081, 1101, 3
1673459693, 0B200080, 13901, 3
1673459693, 0B200080, 4a01, 3
1673459693, 0B200082, 10, 1
1673459693, 0B200087, 200, 2
1673459694, 0B200081, 16301, 3
1673459694, 0B200081, 1101, 3
1673459694, 0B200080, 13c01, 3
1673459694, 0B200080, 4b01, 3
1673459694, 0B200082, 10, 1
1673459694, 0B200087, 200, 2
1673459695, 0B200081, 16301, 3
1673459695, 0B200081, 1101, 3
1673459695, 0B200080, 13901, 3
1673459695, 0B200080, 4901, 3
1673459695, 0B200082, 10, 1
1673459695, 0B200087, 200, 2
1673459696, 0B200081, 16301, 3
1673459696, 0B200081, 1101, 3
1673459696, 0B200080, 13801, 3
1673459696, 0B200080, 4a01, 3
1673459696, 0B200082, 10, 1
1673459696, 0B200087, 200, 2
1673459697, 0B200081, 16301, 3
1673459697, 0B200081, 1101, 3
1673459697, 0B200080, 13801, 3
1673459697, 0B200080, 4a01, 3
1673459697, 0B200082, 10, 1
1673459697, 0B200087, 200, 2
1673459698, 0B200081, 16301, 3
1673459698, 0B200081, 1101, 3
1673459698, 0B200080, 13601, 3
1673459698, 0B200080, 4d01, 3
1673459698, 0B200082, 10, 1
1673459698, 0B200087, 200, 2
1673459699, 0B200081, 16301, 3
1673459699, 0B200081, 1101, 3
1673459699, 0B200080, 13b01, 3
1673459699, 0B200080, 4a01, 3
1673459699, 0B200082, 10, 1
1673459699, 0B200087, 200, 2
1673459700, 0B200081, 16301, 3
1673459700, 0B200081, 1101, 3
1673459700, 0B200080, 13901, 3
1673459700, 0B200080, 4a01, 3
1673459700, 0B200082, 10, 1
1673459700, 0B200087, 200, 2
1673459701, 0B200081, 16301, 3
1673459701, 0B200081, 1101, 3
1673459701, 0B200080, 13701, 3
1673459701, 0B200080, 4901, 3
1673459701, 0B200082, 10, 1
1673459701, 0B200087, 200, 2
1673459702, 0B200081, 16301, 3
1673459702, 0B200081, 1101, 3
1673459702, 0B200080, 13901, 3
1673459702, 0B200080, 4a01, 3
1673459702, 0B200082, 10, 1
1673459702, 0B200087, 200, 2
1673459703, 0B200081, 16301, 3
1673459703, 0B200081, 1101, 3
1673459703, 0B200080, 13801, 3
1673459703, 0B200080, 4c01, 3
1673459703, 0B200082, 10, 1
1673459703, 0B200087, 200, 2
1673459703, 0A20FF00, 0, 0
1673459703, 0A41FF00, 0, 0
1673459703, 0B200000, ff00ff000101ac, 7
1673459703, 0A53FF00, 0, 0
1673459703, 0B020000, ff00ff000101ac, 7
1673459703, 0A43FF00, 0, 0
1673459703, 0B020000, ff00ff000101ac, 7
1673459703, 0A10FF00, 0, 0
1673459703, 0B020000, ff00ff000101ac, 7
1673459703, 0A31FF00, 0, 0
1673459703, 0B020000, ff00ff000101ac, 7
1673459703, 0B020000, ff00ff000101ac, 7
1673459703, 0B310000, d0106000101ac, 7
1673459703, 0B530000, b006b000101ac, 7
1673459703, 0B530200, b0061000101ac, 7
1673459703, 0B530000, b006c000101ac, 7
1673459703, 0A310080, 0, 0
1673459703, 0B530000, b006d000101ac, 7
1673459703, 0A310090, 0, 0
1673459703, 0B310080, 64, 2
1673459703, 0B310090, ffffffff, 4
1673459703, 0A310080, 0, 0
1673459703, 0A310090, 0, 0
1673459703, 0B310080, 64, 2
1673459703, 0B310090, ffffffff, 4
1673459704, 0B200081, 16301, 3
1673459704, 0B200081, 1101, 3
1673459704, 0B200080, 13801, 3
1673459704, 0B200080, 4901, 3
1673459704, 0B200082, 10, 1
1673459704, 0B200087, 200, 2
1673459705, 0B200081, 16301, 3
1673459705, 0B200081, 1101, 3
1673459705, 0B200080, 13801, 3
1673459705, 0B200080, 4a01, 3
1673459705, 0B200082, 10, 1
1673459705, 0B200087, 200, 2
1673459706, 0B200081, 16301, 3
1673459706, 0B200081, 1101, 3
1673459706, 0B200080, 13a01, 3
1673459706, 0B200080, 4b01, 3
1673459706, 0B200082, 10, 1
1673459706, 0B200087, 200, 2
1673459707, 0B200081, 16301, 3
1673459707, 0B200081, 1101, 3
1673459707, 0B200080, 13801, 3
1673459707, 0B200080, 4901, 3
1673459707, 0B200082, 10, 1
1673459707, 0B200087, 200, 2
1673459708, 0B200081, 16301, 3
1673459708, 0B200081, 1101, 3
1673459708, 0B200080, 13901, 3
1673459708, 0B200080, 4901, 3
1673459708, 0B200082, 10, 1
1673459708, 0B200087, 200, 2
1673459709, 0B200081, 16301, 3
1673459709, 0B200081, 1101, 3
1673459709, 0B200080, 13701, 3
1673459709, 0B200080, 4c01, 3
1673459709, 0B200082, 10, 1
1673459709, 0B200087, 200, 2
1673459709, 0A20FF00, 0, 0
1673459709, 0A41FF00, 0, 0
1673459709, 0B200000, ff00ff000101ac, 7
1673459709, 0A53FF00, 0, 0
1673459709, 0B020000, ff00ff000101ac, 7
1673459709, 0A43FF00, 0, 0
1673459709, 0B020000, ff00ff000101ac, 7
1673459709, 0A10FF00, 0, 0
1673459709, 0B020000, ff00ff000101ac, 7
1673459709, 0A31FF00, 0, 0
1673459709, 0B020000, ff00ff000101ac, 7
1673459709, 0B020000, ff00ff000101ac, 7
1673459709, 0B310000, d0106000101ac, 7
1673459709, 0B530000, b006b000101ac, 7
1673459709, 0B530200, b0061000101ac, 7
1673459709, 0B530000, b006c000101ac, 7
1673459709, 0A310080, 0, 0
1673459709, 0A310090, 0, 0
1673459709, 0B310080, 64, 2
1673459709, 0A310080, 0, 0
1673459709, 0A310090, 0, 0
1673459709, 0B310090, ffffffff, 4
1673459709, 0B310080, 64, 2
1673459709, 0B310090, ffffffff, 4
1673459709, 0B530000, b006d000101ac, 7
1673459710, 0B200081, 16301, 3
1673459710, 0B200081, 1101, 3
1673459710, 0B200080, 13a01, 3
1673459710, 0B200080, 4a01, 3
1673459710, 0B200082, 10, 1
1673459710, 0B200087, 200, 2
1673459711, 0B200081, 16301, 3
1673459711, 0B200081, 1101, 3
1673459711, 0B200080, 13901, 3
1673459711, 0B200080, 4a01, 3
1673459711, 0B200082, 10, 1
1673459711, 0B200087, 200, 2
1673459712, 0B200081, 16301, 3
1673459712, 0B200081, 1101, 3
1673459712, 0B200080, 13a01, 3
1673459712, 0B200080, 4a01, 3
1673459712, 0B200082, 10, 1
1673459712, 0B200087, 200, 2
1673459713, 0B200081, 16301, 3
1673459713, 0B200081, 1101, 3
1673459713, 0B200080, 13a01, 3
1673459713, 0B200080, 4b01, 3
1673459713, 0B200082, 10, 1
1673459713, 0B200087, 200, 2
1673459714, 0B200081, 16301, 3
1673459714, 0B200081, 1101, 3
1673459714, 0B200080, 13a01, 3
1673459714, 0B200080, 4b01, 3
1673459714, 0B200082, 10, 1
1673459714, 0B200087, 200, 2
1673459715, 0B200081, 16301, 3
1673459715, 0B200081, 1101, 3
1673459715, 0B200080, 13801, 3
1673459715, 0B200080, 4901, 3
1673459715, 0B200082, 10, 1
1673459715, 0B200087, 200, 2
1673459716, 0B200081, 16301, 3
1673459716, 0B200081, 1101, 3
1673459716, 0B200080, 13801, 3
1673459716, 0B200080, 4801, 3
1673459716, 0B200082, 10, 1
1673459716, 0B200087, 200, 2
1673459717, 0B200081, 16301, 3
1673459717, 0B200081, 1101, 3
1673459717, 0B200080, 13701, 3
1673459717, 0B200080, 4901, 3
1673459717, 0B200082, 10, 1
1673459717, 0B200087, 200, 2
1673459718, 0B200081, 16301, 3
1673459718, 0B200081, 1101, 3
1673459718, 0B200080, 13601, 3
1673459718, 0B200080, 4901, 3
1673459718, 0B200082, 10, 1
1673459718, 0B200087, 200, 2
1673459719, 0B200081, 16301, 3
1673459719, 0B200081, 1101, 3
1673459719, 0B200080, 13a01, 3
1673459719, 0B200080, 4a01, 3
1673459719, 0B200082, 10, 1
1673459719, 0B200087, 200, 2
1673459720, 0B200081, 16301, 3
1673459720, 0B200081, 1101, 3
1673459720, 0B200080, 13701, 3
1673459720, 0B200080, 4901, 3
1673459720, 0B200082, 10, 1
1673459720, 0B200087, 200, 2
1673459721, 0B200081, 16301, 3
1673459721, 0B200081, 1101, 3
1673459721, 0B200080, 13a01, 3
1673459721, 0B200080, 4b01, 3
1673459721, 0B200082, 10, 1
1673459721, 0B200087, 200, 2
1673459722, 0B200081, 16301, 3
1673459722, 0B200081, 1101, 3
1673459722, 0B200080, 13a01, 3
1673459722, 0B200080, 4b01, 3
1673459722, 0B200082, 10, 1
1673459722, 0B200087, 200, 2
1673459723, 0B200081, 16301, 3
1673459723, 0B200081, 1101, 3
1673459723, 0B200080, 13a01, 3
1673459723, 0B200080, 4a01, 3
1673459723, 0B200082, 10, 1
1673459723, 0B200087, 200, 2
1673459724, 0B200081, 16301, 3
1673459724, 0B200081, 1101, 3
1673459724, 0B200080, 13901, 3
1673459724, 0B200080, 4a01, 3
1673459724, 0B200082, 10, 1
1673459724, 0B200087, 200, 2
1673459725, 0B200081, 16301, 3
1673459725, 0B200081, 1101, 3
1673459725, 0B200080, 13701, 3
1673459725, 0B200080, 4b01, 3
1673459725, 0B200082, 10, 1
1673459725, 0B200087, 200, 2
1673459726, 0B200081, 16301, 3
1673459726, 0B200081, 1101, 3
1673459726, 0B200080, 13801, 3
1673459726, 0B200080, 4b01, 3
1673459726, 0B200082, 10, 1
1673459726, 0B200087, 200, 2
1673459727, 0B200081, 16301, 3
1673459727, 0B200081, 1101, 3
1673459727, 0B200080, 13801, 3
1673459727, 0B200080, 4901, 3
1673459727, 0B200082, 10, 1
1673459727, 0B200087, 200, 2
1673459728, 0B200081, 16301, 3
1673459728, 0B200081, 1101, 3
1673459728, 0B200080, 13901, 3
1673459728, 0B200080, 4a01, 3
1673459728, 0B200082, 10, 1
1673459728, 0B200087, 200, 2
1673459729, 0B200081, 16301, 3
1673459729, 0B200081, 1101, 3
1673459729, 0B200080, 13a01, 3
1673459729, 0B200080, 4a01, 3
1673459729, 0B200082, 10, 1
1673459729, 0B200087, 200, 2
1673459730, 0B200081, 16301, 3
1673459730, 0B200081, 1101, 3
1673459730, 0B200080, 13901, 3
1673459730, 0B200080, 4a01, 3
1673459730, 0B200082, 10, 1
1673459730, 0B200087, 200, 2
1673459731, 0B200081, 16301, 3
1673459731, 0B200081, 1101, 3
1673459731, 0B200080, 13901, 3
1673459731, 0B200080, 4a01, 3
1673459731, 0B200082, 10, 1
1673459731, 0B200087, 200, 2
1673459732, 0B200081, 16301, 3
1673459732, 0B200081, 1101, 3
1673459732, 0B200080, 13901, 3
1673459732, 0B200080, 4b01, 3
1673459732, 0B200082, 10, 1
1673459732, 0B200087, 200, 2
1673459733, 0B200081, 16301, 3
1673459733, 0B200081, 1101, 3
1673459733, 0B200080, 13801, 3
1673459733, 0B200080, 4b01, 3
1673459733, 0B200082, 10, 1
1673459733, 0B200087, 200, 2
1673459734, 0B200081, 16301, 3
1673459734, 0B200081, 1101, 3
1673459734, 0B200080, 13901, 3
1673459734, 0B200080, 4a01, 3
1673459734, 0B200082, 10, 1
1673459734, 0B200087, 200, 2
1673459735, 0B200081, 16301, 3
1673459735, 0B200081, 1101, 3
1673459735, 0B200080, 13801, 3
1673459735, 0B200080, 4901, 3
1673459735, 0B200082, 10, 1
1673459735, 0B200087, 200, 2
1673459736, 0B200081, 16301, 3
1673459736, 0B200081, 1101, 3
1673459736, 0B200080, 13901, 3
1673459736, 0B200080, 4a01, 3
1673459736, 0B200082, 10, 1
1673459736, 0B200087, 200, 2
1673459737, 0B200081, 16301, 3
1673459737, 0B200081, 1101, 3
1673459737, 0B200080, 13a01, 3
1673459737, 0B200080, 4901, 3
1673459737, 0B200082, 10, 1
1673459737, 0B200087, 200, 2
1673459738, 0B200081, 16301, 3
1673459738, 0B200081, 1101, 3
1673459738, 0B200080, 13701, 3
1673459738, 0B200080, 4a01, 3
1673459738, 0B200082, 10, 1
1673459738, 0B200087, 200, 2
1673459739, 0B200081, 16301, 3
1673459739, 0B200081, 1101, 3
1673459739, 0B200080, 13901, 3
1673459739, 0B200080, 4901, 3
1673459739, 0B200082, 10, 1
1673459739, 0B200087, 200, 2
1673459740, 0B200081, 16301, 3
1673459740, 0B200081, 1101, 3
1673459740, 0B200080, 13a01, 3
1673459740, 0B200080, 4a01, 3
1673459740, 0B200082, 10, 1
1673459740, 0B200087, 200, 2
1673459741, 0B200081, 16301, 3
1673459741, 0B200081, 1101, 3
1673459741, 0B200080, 13901, 3
1673459741, 0B200080, 4801, 3
1673459741, 0B200082, 10, 1
1673459741, 0B200087, 200, 2
1673459742, 0B200081, 16301, 3
1673459742, 0B200081, 1101, 3
1673459742, 0B200080, 13801, 3
1673459742, 0B200080, 4b01, 3
1673459742, 0B200082, 10, 1
1673459742, 0B200087, 200, 2
1673459743, 0B200081, 16301, 3
1673459743, 0B200081, 1101, 3
1673459743, 0B200080, 13901, 3
1673459743, 0B200080, 4901, 3
1673459743, 0B200082, 10, 1
1673459743, 0B200087, 200, 2
1673459744, 0B200081, 16301, 3
1673459744, 0B200081, 1101, 3
1673459744, 0B200080, 13801, 3
1673459744, 0B200080, 4901, 3
1673459744, 0B200082, 10, 1
1673459744, 0B200087, 200, 2
1673459745, 0B200081, 16301, 3
1673459745, 0B200081, 1101, 3
1673459745, 0B200080, 13a01, 3
1673459745, 0B200080, 4b01, 3
1673459745, 0B200082, 10, 1
1673459745, 0B200087, 200, 2
1673459746, 0B200081, 16301, 3
1673459746, 0B200081, 1101, 3
1673459746, 0B200080, 13701, 3
1673459746, 0B200080, 4a01, 3
1673459746, 0B200082, 10, 1
1673459746, 0B200087, 200, 2
1673459747, 0B200081, 16301, 3
1673459747, 0B200081, 1101, 3
1673459747, 0B200080, 13901, 3
1673459747, 0B200080, 4c01, 3
1673459747, 0B200082, 10, 1
1673459747, 0B200087, 200, 2
1673459748, 0B200081, 16301, 3
1673459748, 0B200081, 1101, 3
1673459748, 0B200080, 13901, 3
1673459748, 0B200080, 4c01, 3
1673459748, 0B200082, 10, 1
1673459748, 0B200087, 200, 2
1673459749, 0B200081, 16301, 3
1673459749, 0B200081, 1101, 3
1673459749, 0B200080, 13a01, 3
1673459749, 0B200080, 4c01, 3
1673459749, 0B200082, 10, 1
1673459749, 0B200087, 200, 2
1673459750, 0B200081, 16301, 3
1673459750, 0B200081, 1101, 3
1673459750, 0B200080, 13801, 3
1673459750, 0B200080, 4b01, 3
1673459750, 0B200082, 10, 1
1673459750, 0B200087, 200, 2
1673459751, 0B200081, 16301, 3
1673459751, 0B200081, 1101, 3
1673459751, 0B200080, 13a01, 3
1673459751, 0B200080, 4a01, 3
1673459751, 0B200082, 10, 1
1673459751, 0B200087, 200, 2
1673459752, 0B200081, 16301, 3
1673459752, 0B200081, 1101, 3
1673459752, 0B200080, 13801, 3
1673459752, 0B200080, 4901, 3
1673459752, 0B200082, 10, 1
1673459752, 0B200087, 200, 2
1673459753, 0B200081, 16301, 3
1673459753, 0B200081, 1101, 3
1673459753, 0B200080, 13b01, 3
1673459753, 0B200080, 4a01, 3
1673459753, 0B200082, 10, 1
1673459753, 0B200087, 200, 2
1673459754, 0B200081, 16301, 3
1673459754, 0B200081, 1101, 3
1673459754, 0B200080, 13901, 3
1673459754, 0B200080, 4a01, 3
1673459754, 0B200082, 10, 1
1673459754, 0B200087, 200, 2
1673459755, 0B200081, 16301, 3
1673459755, 0B200081, 1101, 3
1673459755, 0B200080, 13801, 3
1673459755, 0B200080, 4a01, 3
1673459755, 0B200082, 10, 1
1673459755, 0B200087, 200, 2
1673459756, 0B200081, 16301, 3
1673459756, 0B200081, 1101, 3
1673459756, 0B200080, 13801, 3
1673459756, 0B200080, 4a01, 3
1673459756, 0B200082, 10, 1
1673459756, 0B200087, 200, 2
1673459757, 0B200081, 16301, 3
1673459757, 0B200081, 1101, 3
1673459757, 0B200080, 13901, 3
1673459757, 0B200080, 4b01, 3
1673459757, 0B200082, 10, 1
1673459757, 0B200087, 200, 2
1673459758, 0B200081, 16301, 3
1673459758, 0B200081, 1101, 3
1673459758, 0B200080, 13801, 3
1673459758, 0B200080, 4901, 3
1673459758, 0B200082, 10, 1
1673459758, 0B200087, 200, 2
1673459759, 0B200081, 16301, 3
1673459759, 0B200081, 1101, 3
1673459759, 0B200080, 13a01, 3
1673459759, 0B200080, 4901, 3
1673459759, 0B200082, 10, 1
1673459759, 0B200087, 200, 2
1673459760, 0B200081, 16301, 3
1673459760, 0B200081, 1101, 3
1673459760, 0B200080, 13701, 3
1673459760, 0B200080, 4c01, 3
1673459760, 0B200082, 10, 1
1673459760, 0B200087, 200, 2
1673459761, 0B200081, 16301, 3
1673459761, 0B200081, 1101, 3
1673459761, 0B200080, 13801, 3
1673459761, 0B200080, 4a01, 3
1673459761, 0B200082, 10, 1
1673459761, 0B200087, 200, 2
1673459762, 0B200081, 16301, 3
1673459762, 0B200081, 1101, 3
1673459762, 0B200080, 13901, 3
1673459762, 0B200080, 4d01, 3
1673459762, 0B200082, 10, 1
1673459762, 0B200087, 200, 2
1673459763, 0B200081, 16301, 3
1673459763, 0B200081, 1101, 3
1673459763, 0B200080, 13a01, 3
1673459763, 0B200080, 4901, 3
1673459763, 0B200082, 10, 1
1673459763, 0B200087, 200, 2
1673459763, 0A20FF00, 0, 0
1673459763, 0A41FF00, 0, 0
1673459763, 0B200000, ff00ff000101ac, 7
1673459763, 0A53FF00, 0, 0
1673459763, 0B020000, ff00ff000101ac, 7
1673459763, 0A43FF00, 0, 0
1673459763, 0B020000, ff00ff000101ac, 7
1673459763, 0A10FF00, 0, 0
1673459763, 0B020000, ff00ff000101ac, 7
1673459763, 0A31FF00, 0, 0
1673459763, 0B020000, ff00ff000101ac, 7
1673459763, 0B020000, ff00ff000101ac, 7
1673459763, 0B310000, d0106000101ac, 7
1673459763, 0A310080, 0, 0
1673459763, 0A310090, 0, 0
1673459763, 0B310080, 64, 2
1673459763, 0B310090, ffffffff, 4
1673459763, 0B530000, b006d000101ac, 7
1673459763, 0B530000, b006b000101ac, 7
1673459763, 0B530200, b0061000101ac, 7
1673459763, 0B530000, b006c000101ac, 7
1673459764, 0B200081, 16301, 3
1673459764, 0B200081, 1101, 3
1673459764, 0B200080, 13901, 3
1673459764, 0B200080, 4c01, 3
1673459764, 0B200082, 10, 1
1673459764, 0B200087, 200, 2
1673459765, 0B200081, 16301, 3
1673459765, 0B200081, 1101, 3
1673459765, 0B200080, 13801, 3
1673459765, 0B200080, 4b01, 3
1673459765, 0B200082, 10, 1
1673459765, 0B200087, 200, 2
1673459766, 0B200081, 16301, 3
1673459766, 0B200081, 1101, 3
1673459766, 0B200080, 13801, 3
1673459766, 0B200080, 4c01, 3
1673459766, 0B200082, 10, 1
1673459766, 0B200087, 200, 2
1673459767, 0B200081, 16301, 3
1673459767, 0B200081, 1101, 3
1673459767, 0B200080, 13801, 3
1673459767, 0B200080, 4a01, 3
1673459767, 0B200082, 10, 1
1673459767, 0B200087, 200, 2
1673459768, 0B200081, 16301, 3
1673459768, 0B200081, 1101, 3
1673459768, 0B200080, 13b01, 3
1673459768, 0B200080, 4b01, 3
1673459768, 0B200082, 10, 1
1673459768, 0B200087, 200, 2
1673459769, 0B200081, 16301, 3
1673459769, 0B200081, 1101, 3
1673459769, 0B200080, 13a01, 3
1673459769, 0B200080, 4a01, 3
1673459769, 0B200082, 10, 1
1673459769, 0B200087, 200, 2
1673459769, 0A20FF00, 0, 0
1673459769, 0A41FF00, 0, 0
1673459769, 0B200000, ff00ff000101ac, 7
1673459769, 0A53FF00, 0, 0
1673459769, 0B020000, ff00ff000101ac, 7
1673459769, 0A43FF00, 0, 0
1673459769, 0B020000, ff00ff000101ac, 7
1673459769, 0A10FF00, 0, 0
1673459769, 0B020000, ff00ff000101ac, 7
1673459769, 0A31FF00, 0, 0
1673459769, 0B020000, ff00ff000101ac, 7
1673459769, 0B020000, ff00ff000101ac, 7
1673459769, 0B310000, d0106000101ac, 7
1673459769, 0B530000, b006c000101ac, 7
1673459769, 0A310080, 0, 0
1673459769, 0B530000, b006b000101ac, 7
1673459769, 0A310090, 0, 0
1673459769, 0B310080, 64, 2
1673459769, 0B530200, b0061000101ac, 7
1673459769, 0B310090, ffffffff, 4
1673459769, 0B530000, b006d000101ac, 7
1673459769, 0A310080, 0, 0
1673459769, 0A310090, 0, 0
1673459769, 0B310080, 64, 2
1673459769, 0B310090, ffffffff, 4
1673459770, 0B200081, 16301, 3
1673459770, 0B200081, 1101, 3
1673459770, 0B200080, 13a01, 3
1673459770, 0B200080, 4a01, 3
1673459770, 0B200082, 10, 1
1673459770, 0B200087, 200, 2
1673459771, 0B200081, 16301, 3
1673459771, 0B200081, 1101, 3
1673459771, 0B200080, 13a01, 3
1673459771, 0B200080, 4a01, 3
1673459771, 0B200082, 10, 1
1673459771, 0B200087, 200, 2
1673459772, 0B200081, 16301, 3
1673459772, 0B200081, 1101, 3
1673459772, 0B200080, 13901, 3
1673459772, 0B200080, 4901, 3
1673459772, 0B200082, 10, 1
1673459772, 0B200087, 200, 2
1673459773, 0B200081, 16301, 3
1673459773, 0B200081, 1101, 3
1673459773, 0B200080, 13a01, 3
1673459773, 0B200080, 4a01, 3
1673459773, 0B200082, 10, 1
1673459773, 0B200087, 200, 2
1673459774, 0B200081, 16301, 3
1673459774, 0B200081, 1101, 3
1673459774, 0B200080, 13801, 3
1673459774, 0B200080, 4a01, 3
1673459774, 0B200082, 10, 1
1673459774, 0B200087, 200, 2
1673459775, 0B200081, 16301, 3
1673459775, 0B200081, 1101, 3
1673459775, 0B200080, 13901, 3
1673459775, 0B200080, 4b01, 3
1673459775, 0B200082, 10, 1
1673459775, 0B200087, 200, 2
1673459776, 0B200081, 16301, 3
1673459776, 0B200081, 1101, 3
1673459776, 0B200080, 13901, 3
1673459776, 0B200080, 4d01, 3
1673459776, 0B200082, 10, 1
1673459776, 0B200087, 200, 2
1673459777, 0B200081, 16301, 3
1673459777, 0B200081, 1101, 3
1673459777, 0B200080, 13901, 3
1673459777, 0B200080, 4c01, 3
1673459777, 0B200082, 10, 1
1673459777, 0B200087, 200, 2
1673459778, 0B200081, 16301, 3
1673459778, 0B200081, 1101, 3
1673459778, 0B200080, 13901, 3
1673459778, 0B200080, 4b01, 3
1673459778, 0B200082, 10, 1
1673459778, 0B200087, 200, 2
1673459779, 0B200081, 16301, 3
1673459779, 0B200081, 1101, 3
1673459779, 0B200080, 13701, 3
1673459779, 0B200080, 4901, 3
1673459779, 0B200082, 10, 1
1673459779, 0B200087, 200, 2
1673459780, 0B200081, 16301, 3
1673459780, 0B200081, 1101, 3
1673459780, 0B200080, 13901, 3
1673459780, 0B200080, 4901, 3
1673459780, 0B200082, 10, 1
1673459780, 0B200087, 200, 2
1673459781, 0B200081, 16301, 3
1673459781, 0B200081, 1101, 3
1673459781, 0B200080, 13701, 3
1673459781, 0B200080, 4901, 3
1673459781, 0B200082, 10, 1
1673459781, 0B200087, 200, 2
1673459782, 0B200081, 16301, 3
1673459782, 0B200081, 1101, 3
1673459782, 0B200080, 13801, 3
1673459782, 0B200080, 4a01, 3
1673459782, 0B200082, 10, 1
1673459782, 0B200087, 200, 2
1673459783, 0B200081, 16301, 3
1673459783, 0B200081, 1101, 3
1673459783, 0B200080, 13901, 3
1673459783, 0B200080, 4b01, 3
1673459783, 0B200082, 10, 1
1673459783, 0B200087, 200, 2
1673459784, 0B200081, 16301, 3
1673459784, 0B200081, 1101, 3
1673459784, 0B200080, 13901, 3
1673459784, 0B200080, 4b01, 3
1673459784, 0B200082, 10, 1
1673459784, 0B200087, 200, 2
1673459785, 0B200081, 16301, 3
1673459785, 0B200081, 1101, 3
1673459785, 0B200080, 13901, 3
1673459785, 0B200080, 4b01, 3
1673459785, 0B200082, 10, 1
1673459785, 0B200087, 200, 2
1673459786, 0B200081, 16301, 3
1673459786, 0B200081, 1101, 3
1673459786, 0B200080, 13801, 3
1673459786, 0B200080, 4a01, 3
1673459786, 0B200082, 10, 1
1673459786, 0B200087, 200, 2
1673459787, 0B200081, 16301, 3
1673459787, 0B200081, 1101, 3
1673459787, 0B200080, 13901, 3
1673459787, 0B200080, 4c01, 3
1673459787, 0B200082, 10, 1
1673459787, 0B200087, 200, 2
1673459788, 0B200081, 16301, 3
1673459788, 0B200081, 1101, 3
1673459788, 0B200080, 13901, 3
1673459788, 0B200080, 4a01, 3
1673459788, 0B200082, 10, 1
1673459788, 0B200087, 200, 2
1673459789, 0B200081, 16301, 3
1673459789, 0B200081, 1101, 3
1673459789, 0B200080, 13901, 3
1673459789, 0B200080, 4801, 3
1673459789, 0B200082, 10, 1
1673459789, 0B200087, 200, 2
1673459790, 0B200081, 16301, 3
1673459790, 0B200081, 1101, 3
1673459790, 0B200080, 13901, 3
1673459790, 0B200080, 4b01, 3
1673459790, 0B200082, 10, 1
1673459790, 0B200087, 200, 2
1673459791, 0B200081, 16301, 3
1673459791, 0B200081, 1101, 3
1673459791, 0B200080, 13901, 3
1673459791, 0B200080, 4901, 3
1673459791, 0B200082, 10, 1
1673459791, 0B200087, 200, 2
1673459792, 0B200081, 16301, 3
1673459792, 0B200081, 1101, 3
1673459792, 0B200080, 13a01, 3
1673459792, 0B200080, 4901, 3
1673459792, 0B200082, 10, 1
1673459792, 0B200087, 200, 2
1673459793, 0B200081, 16301, 3
1673459793, 0B200081, 1101, 3
1673459793, 0B200080, 13a01, 3
1673459793, 0B200080, 4a01, 3
1673459793, 0B200082, 10, 1
1673459793, 0B200087, 200, 2
1673459794, 0B200081, 16301, 3
1673459794, 0B200081, 1101, 3
1673459794, 0B200080, 13901, 3
1673459794, 0B200080, 4d01, 3
1673459794, 0B200082, 10, 1
1673459794, 0B200087, 200, 2
1673459795, 0B200081, 16301, 3
1673459795, 0B200081, 1101, 3
1673459795, 0B200080, 13a01, 3
1673459795, 0B200080, 4b01, 3
1673459795, 0B200082, 10, 1
1673459795, 0B200087, 200, 2
1673459796, 0B200081, 16301, 3
1673459796, 0B200081, 1101, 3
1673459796, 0B200080, 13801, 3
1673459796, 0B200080, 4901, 3
1673459796, 0B200082, 10, 1
1673459796, 0B200087, 200, 2
1673459797, 0B200081, 16301, 3
1673459797, 0B200081, 1101, 3
1673459797, 0B200080, 13a01, 3
1673459797, 0B200080, 4b01, 3
1673459797, 0B200082, 10, 1
1673459797, 0B200087, 200, 2
1673459798, 0B200081, 16301, 3
1673459798, 0B200081, 1101, 3
1673459798, 0B200080, 13901, 3
1673459798, 0B200080, 4a01, 3
1673459798, 0B200082, 10, 1
1673459798, 0B200087, 200, 2
1673459799, 0B200081, 16301, 3
1673459799, 0B200081, 1101, 3
1673459799, 0B200080, 13901, 3
1673459799, 0B200080, 4c01, 3
1673459799, 0B200082, 10, 1
1673459799, 0B200087, 200, 2
1673459800, 0B200081, 16301, 3
1673459800, 0B200081, 1101, 3
1673459800, 0B200080, 13501, 3
1673459800, 0B200080, 4a01, 3
1673459800, 0B200082, 10, 1
1673459800, 0B200087, 200, 2
1673459801, 0B200081, 16301, 3
1673459801, 0B200081, 1101, 3
1673459801, 0B200080, 13901, 3
1673459801, 0B200080, 4b01, 3
1673459801, 0B200082, 10, 1
1673459801, 0B200087, 200, 2
1673459802, 0B200081, 16301, 3
1673459802, 0B200081, 1101, 3
1673459802, 0B200080, 13801, 3
1673459802, 0B200080, 4901, 3
1673459802, 0B200082, 10, 1
1673459802, 0B200087, 200, 2
1673459803, 0B200081, 16301, 3
1673459803, 0B200081, 1101, 3
1673459803, 0B200080, 13901, 3
1673459803, 0B200080, 4a01, 3
1673459803, 0B200082, 10, 1
1673459803, 0B200087, 200, 2
1673459804, 0B200081, 16301, 3
1673459804, 0B200081, 1101, 3
1673459804, 0B200080, 13901, 3
1673459804, 0B200080, 4a01, 3
1673459804, 0B200082, 10, 1
1673459804, 0B200087, 200, 2
1673459805, 0B200081, 16301, 3
1673459805, 0B200081, 1101, 3
1673459805, 0B200080, 13e01, 3
1673459805, 0B200080, 4901, 3
1673459805, 0B200082, 10, 1
1673459805, 0B200087, 200, 2
1673459806, 0B200081, 16301, 3
1673459806, 0B200081, 1101, 3
1673459806, 0B200080, 13901, 3
1673459806, 0B200080, 4a01, 3
1673459806, 0B200082, 10, 1
1673459806, 0B200087, 200, 2
1673459807, 0B200081, 16301, 3
1673459807, 0B200081, 1101, 3
1673459807, 0B200080, 13a01, 3
1673459807, 0B200080, 4c01, 3
1673459807, 0B200082, 10, 1
1673459807, 0B200087, 200, 2
1673459808, 0B200081, 16301, 3
1673459808, 0B200081, 1101, 3
1673459808, 0B200080, 13901, 3
1673459808, 0B200080, 4c01, 3
1673459808, 0B200082, 10, 1
1673459808, 0B200087, 200, 2
1673459809, 0B200081, 16301, 3
1673459809, 0B200081, 1101, 3
1673459809, 0B200080, 13901, 3
1673459809, 0B200080, 4a01, 3
1673459809, 0B200082, 10, 1
1673459809, 0B200087, 200, 2
1673459810, 0B200081, 16301, 3
1673459810, 0B200081, 1101, 3
1673459810, 0B200080, 13901, 3
1673459810, 0B200080, 4d01, 3
1673459810, 0B200082, 10, 1
1673459810, 0B200087, 200, 2
1673459811, 0B200081, 16301, 3
1673459811, 0B200081, 1101, 3
1673459811, 0B200080, 13a01, 3
1673459811, 0B200080, 4901, 3
1673459811, 0B200082, 10, 1
1673459811, 0B200087, 200, 2
1673459812, 0B200081, 16301, 3
1673459812, 0B200081, 1101, 3
1673459812, 0B200080, 13b01, 3
1673459812, 0B200080, 4c01, 3
1673459812, 0B200082, 10, 1
1673459812, 0B200087, 200, 2
1673459813, 0B200081, 16301, 3
1673459813, 0B200081, 1101, 3
1673459813, 0B200080, 13a01, 3
1673459813, 0B200080, 4901, 3
1673459813, 0B200082, 10, 1
1673459813, 0B200087, 200, 2
1673459814, 0B200081, 16301, 3
1673459814, 0B200081, 1101, 3
1673459814, 0B200080, 13a01, 3
1673459814, 0B200080, 4c01, 3
1673459814, 0B200082, 10, 1
1673459814, 0B200087, 200, 2
1673459815, 0B200081, 16301, 3
1673459815, 0B200081, 1101, 3
1673459815, 0B200080, 13901, 3
1673459815, 0B200080, 4901, 3
1673459815, 0B200082, 10, 1
1673459815, 0B200087, 200, 2
1673459816, 0B200081, 16301, 3
1673459816, 0B200081, 1101, 3
1673459816, 0B200080, 13801, 3
1673459816, 0B200080, 4b01, 3
1673459816, 0B200082, 10, 1
1673459816, 0B200087, 200, 2
1673459817, 0B200081, 16301, 3
1673459817, 0B200081, 1101, 3
1673459817, 0B200080, 13901, 3
1673459817, 0B200080, 4c01, 3
1673459817, 0B200082, 10, 1
1673459817, 0B200087, 200, 2
1673459818, 0B200081, 16301, 3
1673459818, 0B200081, 1101, 3
1673459818, 0B200080, 13901, 3
1673459818, 0B200080, 4901, 3
1673459818, 0B200082, 10, 1
1673459818, 0B200087, 200, 2
1673459819, 0B200081, 16301, 3
1673459819, 0B200081, 1101, 3
1673459819, 0B200080, 13901, 3
1673459819, 0B200080, 4a01, 3
1673459819, 0B200082, 10, 1
1673459819, 0B200087, 200, 2
1673459820, 0B200081, 16301, 3
1673459820, 0B200081, 1101, 3
1673459820, 0B200080, 13801, 3
1673459820, 0B200080, 4c01, 3
1673459820, 0B200082, 10, 1
1673459820, 0B200087, 200, 2
1673459821, 0B200081, 16301, 3
1673459821, 0B200081, 1101, 3
1673459821, 0B200080, 13801, 3
1673459821, 0B200080, 4c01, 3
1673459821, 0B200082, 10, 1
1673459821, 0B200087, 200, 2
1673459822, 0B200081, 16301, 3
1673459822, 0B200081, 1101, 3
1673459822, 0B200080, 13a01, 3
1673459822, 0B200080, 4c01, 3
1673459822, 0B200082, 10, 1
1673459822, 0B200087, 200, 2
1673459823, 0B200081, 16301, 3
1673459823, 0B200081, 1101, 3
1673459823, 0B200080, 13901, 3
1673459823, 0B200080, 4c01, 3
1673459823, 0B200082, 10, 1
1673459823, 0B200087, 200, 2
1673459823, 0A20FF00, 0, 0
1673459823, 0A41FF00, 0, 0
1673459823, 0B200000, ff00ff000101ac, 7
1673459823, 0A53FF00, 0, 0
1673459823, 0B020000, ff00ff000101ac, 7
1673459823, 0A43FF00, 0, 0
1673459823, 0B020000, ff00ff000101ac, 7
1673459823, 0A10FF00, 0, 0
1673459823, 0B020000, ff00ff000101ac, 7
1673459823, 0A31FF00, 0, 0
1673459823, 0B020000, ff00ff000101ac, 7
1673459823, 0B020000, ff00ff000101ac, 7
1673459823, 0B310000, d0106000101ac, 7
1673459823, 0B530000, b006c000101ac, 7
1673459823, 0B530000, b006b000101ac, 7
1673459823, 0B530200, b0061000101ac, 7
1673459823, 0B530000, b006d000101ac, 7
1673459823, 0A310080, 0, 0
1673459823, 0A310090, 0, 0
1673459823, 0B310080, 64, 2
1673459823, 0B310090, ffffffff, 4
1673459823, 0A310080, 0, 0
1673459823, 0A310090, 0, 0
1673459823, 0B310080, 64, 2
1673459823, 0B310090, ffffffff, 4
1673459824, 0B200081, 16301, 3
1673459824, 0B200081, 1101, 3
1673459824, 0B200080, 13801, 3
1673459824, 0B200080, 4901, 3
1673459824, 0B200082, 10, 1
1673459824, 0B200087, 200, 2
1673459825, 0B200081, 16301, 3
1673459825, 0B200081, 1101, 3
1673459825, 0B200080, 13801, 3
1673459825, 0B200080, 4901, 3
1673459825, 0B200082, 10, 1
1673459825, 0B200087, 200, 2
1673459826, 0B200081, 16301, 3
1673459826, 0B200081, 1101, 3
1673459826, 0B200080, 13801, 3
1673459826, 0B200080, 4c01, 3
1673459826, 0B200082, 10, 1
1673459826, 0B200087, 200, 2
1673459827, 0B200081, 16301, 3
1673459827, 0B200081, 1101, 3
1673459827, 0B200080, 13b01, 3
1673459827, 0B200080, 4a01, 3
1673459827, 0B200082, 10, 1
1673459827, 0B200087, 200, 2
1673459828, 0B200081, 16301, 3
1673459828, 0B200081, 1101, 3
1673459828, 0B200080, 13901, 3
1673459828, 0B200080, 4c01, 3
1673459828, 0B200082, 10, 1
1673459828, 0B200087, 200, 2
1673459829, 0B200081, 16301, 3
1673459829, 0B200081, 1101, 3
1673459829, 0B200080, 13901, 3
1673459829, 0B200080, 4a01, 3
1673459829, 0B200082, 10, 1
1673459829, 0B200087, 200, 2
1673459829, 0A20FF00, 0, 0
1673459829, 0A41FF00, 0, 0
1673459829, 0B200000, ff00ff000101ac, 7
1673459829, 0A53FF00, 0, 0
1673459829, 0B020000, ff00ff000101ac, 7
1673459829, 0A43FF00, 0, 0
1673459829, 0B020000, ff00ff000101ac, 7
1673459829, 0A10FF00, 0, 0
1673459829, 0B020000, ff00ff000101ac, 7
1673459829, 0A31FF00, 0, 0
1673459829, 0B020000, ff00ff000101ac, 7
1673459829, 0B020000, ff00ff000101ac, 7
1673459829, 0B310000, d0106000101ac, 7
1673459829, 0B530000, b006c000101ac, 7
1673459829, 0B530000, b006b000101ac, 7
1673459829, 0B530200, b0061000101ac, 7
1673459829, 0A310080, 0, 0
1673459829, 0B530000, b006d000101ac, 7
1673459829, 0A310080, 0, 0
1673459829, 0A310090, 0, 0
1673459829, 0A310090, 0, 0
1673459829, 0B310080, 64, 2
1673459829, 0B310080, 64, 2
1673459829, 0B310090, ffffffff, 4
1673459829, 0B310090, ffffffff, 4
1673459830, 0B200081, 16301, 3
1673459830, 0B200081, 1101, 3
1673459830, 0B200080, 13901, 3
1673459830, 0B200080, 4801, 3
1673459830, 0B200082, 10, 1
1673459830, 0B200087, 200, 2
1673459831, 0B200081, 16301, 3
1673459831, 0B200081, 1101, 3
1673459831, 0B200080, 13901, 3
1673459831, 0B200080, 4a01, 3
1673459831, 0B200082, 10, 1
1673459831, 0B200087, 200, 2
1673459832, 0B200081, 16301, 3
1673459832, 0B200081, 1101, 3
1673459832, 0B200080, 13801, 3
1673459832, 0B200080, 4c01, 3
1673459832, 0B200082, 10, 1
1673459832, 0B200087, 200, 2
1673459833, 0B200081, 16301, 3
1673459833, 0B200081, 1101, 3
1673459833, 0B200080, 13801, 3
1673459833, 0B200080, 4d01, 3
1673459833, 0B200082, 10, 1
1673459833, 0B200087, 200, 2
1673459834, 0B200081, 16301, 3
1673459834, 0B200081, 1101, 3
1673459834, 0B200080, 13701, 3
1673459834, 0B200080, 4b01, 3
1673459834, 0B200082, 10, 1
1673459834, 0B200087, 200, 2
1673459835, 0B200081, 16301, 3
1673459835, 0B200081, 1101, 3
1673459835, 0B200080, 13901, 3
1673459835, 0B200080, 4b01, 3
1673459835, 0B200082, 10, 1
1673459835, 0B200087, 200, 2
1673459836, 0B200081, 16301, 3
1673459836, 0B200081, 1101, 3
1673459836, 0B200080, 13801, 3
1673459836, 0B200080, 4b01, 3
1673459836, 0B200082, 10, 1
1673459836, 0B200087, 200, 2
1673459837, 0B200081, 16301, 3
1673459837, 0B200081, 1101, 3
1673459837, 0B200080, 13a01, 3
1673459837, 0B200080, 4c01, 3
1673459837, 0B200082, 10, 1
1673459837, 0B200087, 200, 2
1673459838, 0B200081, 16301, 3
1673459838, 0B200081, 1101, 3
1673459838, 0B200080, 13a01, 3
1673459838, 0B200080, 4b01, 3
1673459838, 0B200082, 10, 1
1673459838, 0B200087, 200, 2
1673459839, 0B200081, 16301, 3
1673459839, 0B200081, 1101, 3
1673459839, 0B200080, 13901, 3
1673459839, 0B200080, 4901, 3
1673459839, 0B200082, 10, 1
1673459839, 0B200087, 200, 2
1673459840, 0B200081, 16301, 3
1673459840, 0B200081, 1101, 3
1673459840, 0B200080, 13901, 3
1673459840, 0B200080, 4c01, 3
1673459840, 0B200082, 10, 1
1673459840, 0B200087, 200, 2
1673459841, 0B200081, 16301, 3
1673459841, 0B200081, 1101, 3
1673459841, 0B200080, 13901, 3
1673459841, 0B200080, 4b01, 3
1673459841, 0B200082, 10, 1
1673459841, 0B200087, 200, 2
1673459842, 0B200081, 16301, 3
1673459842, 0B200081, 1101, 3
1673459842, 0B200080, 13901, 3
1673459842, 0B200080, 4b01, 3
1673459842, 0B200082, 10, 1
1673459842, 0B200087, 200, 2
1673459843, 0B200081, 16301, 3
1673459843, 0B200081, 1101, 3
1673459843, 0B200080, 13901, 3
1673459843, 0B200080, 4b01, 3
1673459843, 0B200082, 10, 1
1673459843, 0B200087, 200, 2
1673459844, 0B200081, 16301, 3
1673459844, 0B200081, 1101, 3
1673459844, 0B200080, 13a01, 3
1673459844, 0B200080, 4b01, 3
1673459844, 0B200082, 10, 1
1673459844, 0B200087, 200, 2
1673459845, 0B200081, 16301, 3
1673459845, 0B200081, 1101, 3
1673459845, 0B200080, 13801, 3
1673459845, 0B200080, 4c01, 3
1673459845, 0B200082, 10, 1
1673459845, 0B200087, 200, 2
1673459846, 0B200081, 16301, 3
1673459846, 0B200081, 1101, 3
1673459846, 0B200080, 13b01, 3
1673459846, 0B200080, 4b01, 3
1673459846, 0B200082, 10, 1
1673459846, 0B200087, 200, 2
1673459847, 0B200081, 16301, 3
1673459847, 0B200081, 1101, 3
1673459847, 0B200080, 13901, 3
1673459847, 0B200080, 4a01, 3
1673459847, 0B200082, 10, 1
1673459847, 0B200087, 200, 2
1673459848, 0B200081, 16301, 3
1673459848, 0B200081, 1101, 3
1673459848, 0B200080, 13a01, 3
1673459848, 0B200080, 4b01, 3
1673459848, 0B200082, 10, 1
1673459848, 0B200087, 200, 2
1673459849, 0B200081, 16301, 3
1673459849, 0B200081, 1101, 3
1673459849, 0B200080, 13a01, 3
1673459849, 0B200080, 4b01, 3
1673459849, 0B200082, 10, 1
1673459849, 0B200087, 200, 2
1673459850, 0B200081, 16301, 3
1673459850, 0B200081, 1101, 3
1673459850, 0B200080, 13801, 3
1673459850, 0B200080, 4b01, 3
1673459850, 0B200082, 10, 1
1673459850, 0B200087, 200, 2
1673459851, 0B200081, 16301, 3
1673459851, 0B200081, 1101, 3
1673459851, 0B200080, 13901, 3
1673459851, 0B200080, 4901, 3
1673459851, 0B200082, 10, 1
1673459851, 0B200087, 200, 2
1673459852, 0B200081, 16301, 3
1673459852, 0B200081, 1101, 3
1673459852, 0B200080, 13901, 3
1673459852, 0B200080, 4b01, 3
1673459852, 0B200082, 10, 1
1673459852, 0B200087, 200, 2
1673459853, 0B200081, 16301, 3
1673459853, 0B200081, 1101, 3
1673459853, 0B200080, 13c01, 3
1673459853, 0B200080, 4b01, 3
1673459853, 0B200082, 10, 1
1673459853, 0B200087, 200, 2
1673459854, 0B200081, 16301, 3
1673459854, 0B200081, 1101, 3
1673459854, 0B200080, 13901, 3
1673459854, 0B200080, 4c01, 3
1673459854, 0B200082, 10, 1
1673459854, 0B200087, 200, 2
1673459855, 0B200081, 16301, 3
1673459855, 0B200081, 1101, 3
1673459855, 0B200080, 13801, 3
1673459855, 0B200080, 4c01, 3
1673459855, 0B200082, 10, 1
1673459855, 0B200087, 200, 2
1673459856, 0B200081, 16301, 3
1673459856, 0B200081, 1101, 3
1673459856, 0B200080, 13b01, 3
1673459856, 0B200080, 4c01, 3
1673459856, 0B200082, 10, 1
1673459856, 0B200087, 200, 2
1673459857, 0B200081, 16301, 3
1673459857, 0B200081, 1101, 3
1673459857, 0B200080, 13901, 3
1673459857, 0B200080, 4c01, 3
1673459857, 0B200082, 10, 1
1673459857, 0B200087, 200, 2
1673459858, 0B200081, 16301, 3
1673459858, 0B200081, 1101, 3
1673459858, 0B200080, 13a01, 3
1673459858, 0B200080, 4c01, 3
1673459858, 0B200082, 10, 1
1673459858, 0B200087, 200, 2
1673459859, 0B200081, 16301, 3
1673459859, 0B200081, 1101, 3
1673459859, 0B200080, 13801, 3
1673459859, 0B200080, 4b01, 3
1673459859, 0B200082, 10, 1
1673459859, 0B200087, 200, 2
1673459860, 0B200081, 16301, 3
1673459860, 0B200081, 1101, 3
1673459860, 0B200080, 13801, 3
1673459860, 0B200080, 4b01, 3
1673459860, 0B200082, 10, 1
1673459860, 0B200087, 200, 2
1673459861, 0B200081, 16301, 3
1673459861, 0B200081, 1101, 3
1673459861, 0B200080, 13a01, 3
1673459861, 0B200080, 4c01, 3
1673459861, 0B200082, 10, 1
1673459861, 0B200087, 200, 2
1673459862, 0B200081, 16301, 3
1673459862, 0B200081, 1101, 3
1673459862, 0B200080, 13a01, 3
1673459862, 0B200080, 4c01, 3
1673459862, 0B200082, 10, 1
1673459862, 0B200087, 200, 2
1673459863, 0B200081, 16301, 3
1673459863, 0B200081, 1101, 3
1673459863, 0B200080, 13801, 3
1673459863, 0B200080, 4c01, 3
1673459863, 0B200082, 10, 1
1673459863, 0B200087, 200, 2
1673459864, 0B200081, 16301, 3
1673459864, 0B200081, 1101, 3
1673459864, 0B200080, 13901, 3
1673459864, 0B200080, 4b01, 3
1673459864, 0B200082, 10, 1
1673459864, 0B200087, 200, 2
1673459865, 0B200081, 16301, 3
1673459865, 0B200081, 1101, 3
1673459865, 0B200080, 13901, 3
1673459865, 0B200080, 4c01, 3
1673459865, 0B200082, 10, 1
1673459865, 0B200087, 200, 2
1673459866, 0B200081, 16301, 3
1673459866, 0B200081, 1101, 3
1673459866, 0B200080, 13a01, 3
1673459866, 0B200080, 4c01, 3
1673459866, 0B200082, 10, 1
1673459866, 0B200087, 200, 2
1673459867, 0B200081, 16301, 3
1673459867, 0B200081, 1101, 3
1673459867, 0B200080, 13801, 3
1673459867, 0B200080, 4a01, 3
1673459867, 0B200082, 10, 1
1673459867, 0B200087, 200, 2
1673459868, 0B200081, 16301, 3
1673459868, 0B200081, 1101, 3
1673459868, 0B200080, 13901, 3
1673459868, 0B200080, 4c01, 3
1673459868, 0B200082, 10, 1
1673459868, 0B200087, 200, 2
1673459869, 0B200081, 16301, 3
1673459869, 0B200081, 1101, 3
1673459869, 0B200080, 13901, 3
1673459869, 0B200080, 4b01, 3
1673459869, 0B200082, 10, 1
1673459869, 0B200087, 200, 2
1673459870, 0B200081, 16301, 3
1673459870, 0B200081, 1101, 3
1673459870, 0B200080, 13601, 3
1673459870, 0B200080, 4b01, 3
1673459870, 0B200082, 10, 1
1673459870, 0B200087, 200, 2
1673459871, 0B200081, 16301, 3
1673459871, 0B200081, 1101, 3
1673459871, 0B200080, 13901, 3
1673459871, 0B200080, 4901, 3
1673459871, 0B200082, 10, 1
1673459871, 0B200087, 200, 2
1673459872, 0B200081, 16301, 3
1673459872, 0B200081, 1101, 3
1673459872, 0B200080, 13801, 3
1673459872, 0B200080, 4b01, 3
1673459872, 0B200082, 10, 1
1673459872, 0B200087, 200, 2
1673459873, 0B200081, 16301, 3
1673459873, 0B200081, 1101, 3
1673459873, 0B200080, 13d01, 3
1673459873, 0B200080, 4b01, 3
1673459873, 0B200082, 10, 1
1673459873, 0B200087, 200, 2
1673459874, 0B200081, 16301, 3
1673459874, 0B200081, 1101, 3
1673459874, 0B200080, 13a01, 3
1673459874, 0B200080, 4901, 3
1673459874, 0B200082, 10, 1
1673459874, 0B200087, 200, 2
1673459875, 0B200081, 16301, 3
1673459875, 0B200081, 1101, 3
1673459875, 0B200080, 13801, 3
1673459875, 0B200080, 4b01, 3
1673459875, 0B200082, 10, 1
1673459875, 0B200087, 200, 2
1673459876, 0B200081, 16301, 3
1673459876, 0B200081, 1101, 3
1673459876, 0B200080, 13901, 3
1673459876, 0B200080, 4a01, 3
1673459876, 0B200082, 10, 1
1673459876, 0B200087, 200, 2
1673459877, 0B200081, 16301, 3
1673459877, 0B200081, 1101, 3
1673459877, 0B200080, 13801, 3
1673459877, 0B200080, 4c01, 3
1673459877, 0B200082, 10, 1
1673459877, 0B200087, 200, 2
1673459878, 0B200081, 16301, 3
1673459878, 0B200081, 1101, 3
1673459878, 0B200080, 13801, 3
1673459878, 0B200080, 4a01, 3
1673459878, 0B200082, 10, 1
1673459878, 0B200087, 200, 2
1673459879, 0B200081, 16301, 3
1673459879, 0B200081, 1101, 3
1673459879, 0B200080, 13801, 3
1673459879, 0B200080, 4a01, 3
1673459879, 0B200082, 10, 1
1673459879, 0B200087, 200, 2
1673459880, 0B200081, 16301, 3
1673459880, 0B200081, 1101, 3
1673459880, 0B200080, 13901, 3
1673459880, 0B200080, 4c01, 3
1673459880, 0B200082, 10, 1
1673459880, 0B200087, 200, 2
1673459881, 0B200081, 16301, 3
1673459881, 0B200081, 1101, 3
1673459881, 0B200080, 13901, 3
1673459881, 0B200080, 4c01, 3
1673459881, 0B200082, 10, 1
1673459881, 0B200087, 200, 2
1673459882, 0B200081, 16301, 3
1673459882, 0B200081, 1101, 3
1673459882, 0B200080, 13a01, 3
1673459882, 0B200080, 4c01, 3
1673459882, 0B200082, 10, 1
1673459882, 0B200087, 200, 2
1673459883, 0B200081, 16301, 3
1673459883, 0B200081, 1101, 3
1673459883, 0B200080, 13901, 3
1673459883, 0B200080, 4a01, 3
1673459883, 0B200082, 10, 1
1673459883, 0B200087, 200, 2
1673459883, 0A20FF00, 0, 0
1673459883, 0A41FF00, 0, 0
1673459883, 0B200000, ff00ff000101ac, 7
1673459883, 0A53FF00, 0, 0
1673459883, 0B020000, ff00ff000101ac, 7
1673459883, 0A43FF00, 0, 0
1673459883, 0B020000, ff00ff000101ac, 7
1673459883, 0A10FF00, 0, 0
1673459883, 0B020000, ff00ff000101ac, 7
1673459883, 0A31FF00, 0, 0
1673459883, 0B020000, ff00ff000101ac, 7
1673459883, 0B020000, ff00ff000101ac, 7
1673459883, 0B310000, d0106000101ac, 7
1673459883, 0B530000, b006c000101ac, 7
1673459883, 0B530000, b006b000101ac, 7
1673459883, 0B530200, b0061000101ac, 7
1673459883, 0A310080, 0, 0
1673459883, 0A310090, 0, 0
1673459883, 0B310080, 64, 2
1673459883, 0A310080, 0, 0
1673459883, 0A310090, 0, 0
1673459883, 0B310090, ffffffff, 4
1673459883, 0B310080, 64, 2
1673459883, 0B310090, ffffffff, 4
1673459883, 0B530000, b006d000101ac, 7
1673459884, 0B200081, 16301, 3
1673459884, 0B200081, 1101, 3
1673459884, 0B200080, 13901, 3
1673459884, 0B200080, 4c01, 3
1673459884, 0B200082, 10, 1
1673459884, 0B200087, 200, 2
1673459885, 0B200081, 16301, 3
1673459885, 0B200081, 1101, 3
1673459885, 0B200080, 13901, 3
1673459885, 0B200080, 4c01, 3
1673459885, 0B200082, 10, 1
1673459885, 0B200087, 200, 2
1673459886, 0B200081, 16301, 3
1673459886, 0B200081, 1101, 3
1673459886, 0B200080, 13901, 3
1673459886, 0B200080, 4c01, 3
1673459886, 0B200082, 10, 1
1673459886, 0B200087, 200, 2
1673459887, 0B200081, 16301, 3
1673459887, 0B200081, 1101, 3
1673459887, 0B200080, 13c01, 3
1673459887, 0B200080, 4901, 3
1673459887, 0B200082, 10, 1
1673459887, 0B200087, 200, 2
1673459888, 0B200081, 16301, 3
1673459888, 0B200081, 1101, 3
1673459888, 0B200080, 13901, 3
1673459888, 0B200080, 4c01, 3
1673459888, 0B200082, 10, 1
1673459888, 0B200087, 200, 2
1673459889, 0B200081, 16301, 3
1673459889, 0B200081, 1101, 3
1673459889, 0B200080, 13901, 3
1673459889, 0B200080, 4b01, 3
1673459889, 0B200082, 10, 1
1673459889, 0B200087, 200, 2
1673459889, 0A20FF00, 0, 0
1673459889, 0A41FF00, 0, 0
1673459889, 0B200000, ff00ff000101ac, 7
1673459889, 0A53FF00, 0, 0
1673459889, 0B020000, ff00ff000101ac, 7
1673459889, 0A43FF00, 0, 0
1673459889, 0B020000, ff00ff000101ac, 7
1673459889, 0A10FF00, 0, 0
1673459889, 0B020000, ff00ff000101ac, 7
1673459889, 0A31FF00, 0, 0
1673459889, 0B020000, ff00ff000101ac, 7
1673459889, 0B020000, ff00ff000101ac, 7
1673459889, 0B310000, d0106000101ac, 7
1673459889, 0A310080, 0, 0
1673459889, 0A310090, 0, 0
1673459889, 0B310080, 64, 2
1673459889, 0B310090, ffffffff, 4
1673459889, 0A310080, 0, 0
1673459889, 0A310090, 0, 0
1673459889, 0B310080, 64, 2
1673459889, 0B530000, b006d000101ac, 7
1673459889, 0B310090, ffffffff, 4
1673459889, 0B530000, b006b000101ac, 7
1673459889, 0B530200, b0061000101ac, 7
1673459889, 0B530000, b006c000101ac, 7
1673459890, 0B200081, 16301, 3
1673459890, 0B200081, 1101, 3
1673459890, 0B200080, 13801, 3
1673459890, 0B200080, 4b01, 3
1673459890, 0B200082, 10, 1
1673459890, 0B200087, 200, 2
1673459891, 0B200081, 16301, 3
1673459891, 0B200081, 1101, 3
1673459891, 0B200080, 13c01, 3
1673459891, 0B200080, 4901, 3
1673459891, 0B200082, 10, 1
1673459891, 0B200087, 200, 2
1673459892, 0B200081, 16301, 3
1673459892, 0B200081, 1101, 3
1673459892, 0B200080, 13901, 3
1673459892, 0B200080, 4e01, 3
1673459892, 0B200082, 10, 1
1673459892, 0B200087, 200, 2
1673459893, 0B200081, 16301, 3
1673459893, 0B200081, 1101, 3
1673459893, 0B200080, 13a01, 3
1673459893, 0B200080, 4c01, 3
1673459893, 0B200082, 10, 1
1673459893, 0B200087, 200, 2
1673459894, 0B200081, 16301, 3
1673459894, 0B200081, 1101, 3
1673459894, 0B200080, 13b01, 3
1673459894, 0B200080, 4901, 3
1673459894, 0B200082, 10, 1
1673459894, 0B200087, 200, 2
1673459895, 0B200081, 16301, 3
1673459895, 0B200081, 1101, 3
1673459895, 0B200080, 13801, 3
1673459895, 0B200080, 4d01, 3
1673459895, 0B200082, 10, 1
1673459895, 0B200087, 200, 2
1673459896, 0B200081, 16301, 3
1673459896, 0B200081, 1101, 3
1673459896, 0B200080, 13a01, 3
1673459896, 0B200080, 4b01, 3
1673459896, 0B200082, 10, 1
1673459896, 0B200087, 200, 2
1673459897, 0B200081, 16301, 3
1673459897, 0B200081, 1101, 3
1673459897, 0B200080, 13901, 3
1673459897, 0B200080, 4c01, 3
1673459897, 0B200082, 10, 1
1673459897, 0B200087, 200, 2
1673459898, 0B200081, 16301, 3
1673459898, 0B200081, 1101, 3
1673459898, 0B200080, 13801, 3
1673459898, 0B200080, 4c01, 3
1673459898, 0B200082, 10, 1
1673459898, 0B200087, 200, 2
1673459899, 0B200081, 16301, 3
1673459899, 0B200081, 1101, 3
1673459899, 0B200080, 13901, 3
1673459899, 0B200080, 4b01, 3
1673459899, 0B200082, 10, 1
1673459899, 0B200087, 200, 2
1673459900, 0B200081, 16301, 3
1673459900, 0B200081, 1101, 3
1673459900, 0B200080, 13901, 3
1673459900, 0B200080, 4c01, 3
1673459900, 0B200082, 10, 1
1673459900, 0B200087, 200, 2
1673459901, 0B200081, 16301, 3
1673459901, 0B200081, 1101, 3
1673459901, 0B200080, 13a01, 3
1673459901, 0B200080, 4b01, 3
1673459901, 0B200082, 10, 1
1673459901, 0B200087, 200, 2
1673459902, 0B200081, 16301, 3
1673459902, 0B200081, 1101, 3
1673459902, 0B200080, 13801, 3
1673459902, 0B200080, 4c01, 3
1673459902, 0B200082, 10, 1
1673459902, 0B200087, 200, 2
1673459902, 0A200081, 15201, 3
1673459903, 0B200081, 15201, 3
1673459903, 0B200081, 1101, 3
1673459903, 0B200080, 13901, 3
1673459903, 0B200080, 4c01, 3
1673459903, 0B200082, 10, 1
1673459903, 0B200087, 200, 2
1673459903, 0A200081, 14a01, 3
1673459904, 0A200081, 12e01, 3
1673459904, 0B200081, 14a01, 3
1673459904, 0B200081, 1101, 3
1673459904, 0B200080, 13901, 3
1673459904, 0B200080, 4901, 3
1673459904, 0B200082, 10, 1
1673459904, 0B200087, 200, 2
1673459904, 0A200081, 14001, 3
1673459905, 0B200081, 14001, 3
1673459905, 0B200081, 1101, 3
1673459905, 0B200080, 13a01, 3
1673459905, 0B200080, 4b01, 3
1673459905, 0B200082, 10, 1
1673459905, 0B200087, 200, 2
1673459905, 0A200081, 12e01, 3
1673459906, 0B200081, 12e01, 3
1673459906, 0B200081, 1101, 3
1673459906, 0B200080, 13901, 3
1673459906, 0B200080, 4c01, 3
1673459906, 0B200082, 10, 1
1673459906, 0B200087, 200, 2
1673459907, 0B200081, 12e01, 3
1673459907, 0B200081, 1101, 3
1673459907, 0B200080, 13901, 3
1673459907, 0B200080, 4c01, 3
1673459907, 0B200082, 10, 1
1673459907, 0B200087, 200, 2
1673459908, 0B200081, 12e01, 3
1673459908, 0B200081, 1101, 3
1673459908, 0B200080, 13901, 3
1673459908, 0B200080, 4901, 3
1673459908, 0B200082, 10, 1
1673459908, 0B200087, 200, 2
1673459908, 0A200081, 11301, 3
1673459909, 0B200081, 11301, 3
1673459909, 0B200081, 1101, 3
1673459909, 0B200080, 13901, 3
1673459909, 0B200080, 4c01, 3
1673459909, 0B200082, 10, 1
1673459909, 0B200087, 200, 2
1673459909, 0A200081, 10b01, 3
1673459910, 0B200081, 10b01, 3
1673459910, 0B200081, 1101, 3
1673459910, 0B200080, 13501, 3
1673459910, 0B200080, 4c01, 3
1673459910, 0B200082, 10, 1
1673459910, 0B200087, 200, 2
1673459911, 0B200081, 10b01, 3
1673459911, 0B200081, 1101, 3
1673459911, 0B200080, 13c01, 3
1673459911, 0B200080, 4c01, 3
1673459911, 0B200082, 10, 1
1673459911, 0B200087, 200, 2
1673459912, 0B200081, 10b01, 3
1673459912, 0B200081, 1101, 3
1673459912, 0B200080, 13801, 3
1673459912, 0B200080, 4c01, 3
1673459912, 0B200082, 10, 1
1673459912, 0B200087, 200, 2
1673459913, 0B200081, 10b01, 3
1673459913, 0B200081, 1101, 3
1673459913, 0B200080, 13a01, 3
1673459913, 0B200080, 4c01, 3
1673459913, 0B200082, 10, 1
1673459913, 0B200087, 200, 2
1673459913, 0A200081, 11d01, 3
1673459913, 0A200081, 12501, 3
1673459914, 0B200081, 12501, 3
1673459914, 0B200081, 1101, 3
1673459914, 0B200080, 13901, 3
1673459914, 0B200080, 4a01, 3
1673459914, 0B200082, 10, 1
1673459914, 0B200087, 200, 2
1673459914, 0A200081, 13601, 3
1673459915, 0B200081, 13601, 3
1673459915, 0B200081, 1101, 3
1673459915, 0B200080, 13a01, 3
1673459915, 0B200080, 4c01, 3
1673459915, 0B200082, 10, 1
1673459915, 0B200087, 200, 2
1673459915, 0A200081, 14001, 3
1673459916, 0B200081, 14001, 3
1673459916, 0B200081, 1101, 3
1673459916, 0B200080, 13a01, 3
1673459916, 0B200080, 4b01, 3
1673459916, 0B200082, 10, 1
1673459916, 0B200087, 200, 2
1673459916, 0A200081, 15201, 3
1673459916, 0A200081, 15b01, 3
1673459917, 0B200081, 15201, 3
1673459917, 0B200081, 1101, 3
1673459917, 0B200080, 13a01, 3
1673459917, 0B200080, 4c01, 3
1673459917, 0B200082, 10, 1
1673459917, 0B200087, 200, 2
1673459918, 0B200081, 15b01, 3
1673459918, 0B200081, 1101, 3
1673459918, 0B200080, 13801, 3
1673459918, 0B200080, 4b01, 3
1673459918, 0B200082, 10, 1
1673459918, 0B200087, 200, 2
1673459919, 0B200081, 15b01, 3
1673459919, 0B200081, 1101, 3
1673459919, 0B200080, 13901, 3
1673459919, 0B200080, 4c01, 3
1673459919, 0B200082, 10, 1
1673459919, 0B200087, 200, 2
1673459919, 0A200081, 16d01, 3
1673459920, 0B200081, 16d01, 3
1673459920, 0B200081, 1101, 3
1673459920, 0B200080, 13a01, 3
1673459920, 0B200080, 4901, 3
1673459920, 0B200082, 10, 1
1673459920, 0B200087, 200, 2
1673459920, 0A200081, 18601, 3
1673459921, 0B200081, 18601, 3
1673459921, 0B200081, 1101, 3
1673459921, 0B200080, 13a01, 3
1673459921, 0B200080, 4b01, 3
1673459921, 0B200082, 10, 1
1673459921, 0B200087, 200, 2
1673459921, 0A200081, 19a01, 3
1673459921, 0A200081, 19a01, 3
1673459922, 0B200081, 19a01, 3
1673459922, 0B200081, 1101, 3
1673459922, 0B200080, 13901, 3
1673459922, 0B200080, 4c01, 3
1673459922, 0B200082, 10, 1
1673459922, 0B200087, 200, 2
1673459923, 0B200081, 19a01, 3
1673459923, 0B200081, 1101, 3
1673459923, 0B200080, 13901, 3
1673459923, 0B200080, 4c01, 3
1673459923, 0B200082, 10, 1
1673459923, 0B200087, 200, 2
1673459923, 0A200081, 1a201, 3
1673459923, 0A200081, 1ab01, 3
1673459924, 0B200081, 1ab01, 3
1673459924, 0B200081, 1101, 3
1673459924, 0B200080, 13a01, 3
1673459924, 0B200080, 4c01, 3
1673459924, 0B200082, 10, 1
1673459924, 0B200087, 200, 2
1673459924, 0A200081, 19001, 3
1673459925, 0B200081, 1ab01, 3
1673459925, 0B200081, 1101, 3
1673459925, 0B200080, 13901, 3
1673459925, 0B200080, 4b01, 3
1673459925, 0B200082, 10, 1
1673459925, 0B200087, 200, 2
1673459925, 0A200081, 17e01, 3
1673459926, 0B200081, 17e01, 3
1673459926, 0B200081, 1101, 3
1673459926, 0B200080, 13801, 3
1673459926, 0B200080, 4801, 3
1673459926, 0B200082, 10, 1
1673459926, 0B200087, 200, 2
1673459926, 0A200081, 16d01, 3
1673459927, 0B200081, 16d01, 3
1673459927, 0B200081, 1101, 3
1673459927, 0B200080, 13901, 3
1673459927, 0B200080, 4b01, 3
1673459927, 0B200082, 10, 1
1673459927, 0B200087, 200, 2
1673459928, 0A200081, 15b01, 3
1673459928, 0B200081, 16d01, 3
1673459928, 0B200081, 1101, 3
1673459928, 0B200080, 13a01, 3
1673459928, 0B200080, 4c01, 3
1673459928, 0B200082, 10, 1
1673459928, 0B200087, 200, 2
1673459928, 0A200081, 15b01, 3
1673459929, 0B200081, 15b01, 3
1673459929, 0B200081, 1101, 3
1673459929, 0B200080, 13801, 3
1673459929, 0B200080, 4b01, 3
1673459929, 0B200082, 10, 1
1673459929, 0B200087, 200, 2
1673459929, 0A200081, 14a01, 3
1673459930, 0B200081, 14a01, 3
1673459930, 0B200081, 1101, 3
1673459930, 0B200080, 13c01, 3
1673459930, 0B200080, 4c01, 3
1673459930, 0B200082, 10, 1
1673459930, 0B200087, 200, 2
1673459930, 0A200081, 14001, 3
1673459931, 0B200081, 14001, 3
1673459931, 0B200081, 1101, 3
1673459931, 0B200080, 13a01, 3
1673459931, 0B200080, 4c01, 3
1673459931, 0B200082, 10, 1
1673459931, 0B200087, 200, 2
1673459932, 0B200081, 14001, 3
1673459932, 0B200081, 1101, 3
1673459932, 0B200080, 13901, 3
1673459932, 0B200080, 4c01, 3
1673459932, 0B200082, 10, 1
1673459932, 0B200087, 200, 2
1673459933, 0B200081, 14001, 3
1673459933, 0B200081, 1101, 3
1673459933, 0B200080, 13901, 3
1673459933, 0B200080, 4c01, 3
1673459933, 0B200082, 10, 1
1673459933, 0B200087, 200, 2
1673459933, 0A200081, 13601, 3
1673459934, 0A200081, 11d01, 3
1673459934, 0B200081, 13601, 3
1673459934, 0B200081, 1101, 3
1673459934, 0B200080, 13901, 3
1673459934, 0B200080, 4b01, 3
1673459934, 0B200082, 10, 1
1673459934, 0B200087, 200, 2
1673459935, 0B200081, 11d01, 3
1673459935, 0B200081, 1101, 3
1673459935, 0B200080, 13901, 3
1673459935, 0B200080, 4d01, 3
1673459935, 0B200082, 10, 1
1673459935, 0B200087, 200, 2
1673459935, 0A200081, 10b01, 3
1673459936, 0B200081, 10b01, 3
1673459936, 0B200081, 1101, 3
1673459936, 0B200080, 13901, 3
1673459936, 0B200080, 4b01, 3
1673459936, 0B200082, 10, 1
1673459936, 0B200087, 200, 2
1673459937, 0B200081, 10b01, 3
1673459937, 0B200081, 1101, 3
1673459937, 0B200080, 13a01, 3
1673459937, 0B200080, 4a01, 3
1673459937, 0B200082, 10, 1
1673459937, 0B200087, 200, 2
1673459938, 0B200081, 10b01, 3
1673459938, 0B200081, 1101, 3
1673459938, 0B200080, 13a01, 3
1673459938, 0B200080, 4b01, 3
1673459938, 0B200082, 10, 1
1673459938, 0B200087, 200, 2
1673459938, 0A200081, 11d01, 3
1673459939, 0B200081, 11d01, 3
1673459939, 0B200081, 1101, 3
1673459939, 0B200080, 13a01, 3
1673459939, 0B200080, 4e01, 3
1673459939, 0B200082, 10, 1
1673459939, 0B200087, 200, 2
1673459939, 0A200081, 12e01, 3
1673459939, 0A200081, 13601, 3
1673459940, 0B200081, 13601, 3
1673459940, 0B200081, 1101, 3
1673459940, 0B200080, 13801, 3
1673459940, 0B200080, 4b01, 3
1673459940, 0B200082, 10, 1
1673459940, 0B200087, 200, 2
1673459940, 0A200081, 14001, 3
1673459941, 0B200081, 14001, 3
1673459941, 0B200081, 1101, 3
1673459941, 0B200080, 13901, 3
1673459941, 0B200080, 4c01, 3
1673459941, 0B200082, 10, 1
1673459941, 0B200087, 200, 2
1673459942, 0B200081, 14001, 3
1673459942, 0B200081, 1101, 3
1673459942, 0B200080, 13a01, 3
1673459942, 0B200080, 4c01, 3
1673459942, 0B200082, 10, 1
1673459942, 0B200087, 200, 2
1673459943, 0B200081, 14001, 3
1673459943, 0B200081, 1101, 3
1673459943, 0B200080, 13a01, 3
1673459943, 0B200080, 4b01, 3
1673459943, 0B200082, 10, 1
1673459943, 0B200087, 200, 2
1673459943, 0A20FF00, 0, 0
1673459943, 0A41FF00, 0, 0
1673459943, 0B200000, ff00ff000101ac, 7
1673459943, 0A53FF00, 0, 0
1673459943, 0B020000, ff00ff000101ac, 7
1673459943, 0A43FF00, 0, 0
1673459943, 0B020000, ff00ff000101ac, 7
1673459943, 0A10FF00, 0, 0
1673459943, 0B020000, ff00ff000101ac, 7
1673459943, 0A31FF00, 0, 0
1673459943, 0B020000, ff00ff000101ac, 7
1673459943, 0B020000, ff00ff000101ac, 7
1673459943, 0B310000, d0106000101ac, 7
1673459943, 0B530000, b006d000101ac, 7
1673459943, 0B530000, b006b000101ac, 7
1673459943, 0B530200, b0061000101ac, 7
1673459943, 0B530000, b006c000101ac, 7
1673459943, 0A310080, 0, 0
1673459943, 0A310090, 0, 0
1673459943, 0B310080, 64, 2
1673459943, 0B310090, ffffffff, 4
1673459943, 0A310080, 0, 0
1673459943, 0A310090, 0, 0
1673459943, 0B310080, 64, 2
1673459943, 0B310090, ffffffff, 4
1673459944, 0B200081, 14001, 3
1673459944, 0B200081, 1101, 3
1673459944, 0B200080, 13901, 3
1673459944, 0B200080, 4b01, 3
1673459944, 0B200082, 10, 1
1673459944, 0B200087, 200, 2
1673459945, 0B200081, 14001, 3
1673459945, 0B200081, 1101, 3
1673459945, 0B200080, 13901, 3
1673459945, 0B200080, 4b01, 3
1673459945, 0B200082, 10, 1
1673459945, 0B200087, 200, 2
1673459946, 0B200081, 14001, 3
1673459946, 0B200081, 1101, 3
1673459946, 0B200080, 13801, 3
1673459946, 0B200080, 4c01, 3
1673459946, 0B200082, 10, 1
1673459946, 0B200087, 200, 2
1673459947, 0B200081, 14001, 3
1673459947, 0B200081, 1101, 3
1673459947, 0B200080, 13801, 3
1673459947, 0B200080, 4b01, 3
1673459947, 0B200082, 10, 1
1673459947, 0B200087, 200, 2
1673459948, 0B200081, 14001, 3
1673459948, 0B200081, 1101, 3
1673459948, 0B200080, 13701, 3
1673459948, 0B200080, 4c01, 3
1673459948, 0B200082, 10, 1
1673459948, 0B200087, 200, 2
1673459949, 0B200081, 14001, 3
1673459949, 0B200081, 1101, 3
1673459949, 0B200080, 13a01, 3
1673459949, 0B200080, 4c01, 3
1673459949, 0B200082, 10, 1
1673459949, 0B200087, 200, 2
1673459949, 0A20FF00, 0, 0
1673459949, 0A41FF00, 0, 0
1673459949, 0B200000, ff00ff000101ac, 7
1673459949, 0A53FF00, 0, 0
1673459949, 0B020000, ff00ff000101ac, 7
1673459949, 0A43FF00, 0, 0
1673459949, 0B020000, ff00ff000101ac, 7
1673459949, 0A10FF00, 0, 0
1673459949, 0B020000, ff00ff000101ac, 7
1673459949, 0A31FF00, 0, 0
1673459949, 0B020000, ff00ff000101ac, 7
1673459949, 0B020000, ff00ff000101ac, 7
1673459949, 0B310000, d0106000101ac, 7
1673459949, 0B530000, b006d000101ac, 7
1673459949, 0B530000, b006b000101ac, 7
1673459949, 0B530200, b0061000101ac, 7
1673459949, 0B530000, b006c000101ac, 7
1673459949, 0A310080, 0, 0
1673459949, 0A310090, 0, 0
1673459949, 0B310080, 64, 2
1673459949, 0A310080, 0, 0
1673459949, 0A310090, 0, 0
1673459949, 0B310090, ffffffff, 4
1673459949, 0B310080, 64, 2
1673459949, 0B310090, ffffffff, 4
1673459950, 0B200081, 14001, 3
1673459950, 0B200081, 1101, 3
1673459950, 0B200080, 13901, 3
1673459950, 0B200080, 4b01, 3
1673459950, 0B200082, 10, 1
1673459950, 0B200087, 200, 2
1673459951, 0B200081, 14001, 3
1673459951, 0B200081, 1101, 3
1673459951, 0B200080, 13901, 3
1673459951, 0B200080, 4c01, 3
1673459951, 0B200082, 10, 1
1673459951, 0B200087, 200, 2
1673459952, 0B200081, 14001, 3
1673459952, 0B200081, 1101, 3
1673459952, 0B200080, 13901, 3
1673459952, 0B200080, 4c01, 3
1673459952, 0B200082, 10, 1
1673459952, 0B200087, 200, 2
1673459953, 0B200081, 14001, 3
1673459953, 0B200081, 1101, 3
1673459953, 0B200080, 13a01, 3
1673459953, 0B200080, 4b01, 3
1673459953, 0B200082, 10, 1
1673459953, 0B200087, 200, 2
1673459954, 0B200081, 14001, 3
1673459954, 0B200081, 1101, 3
1673459954, 0B200080, 13901, 3
1673459954, 0B200080, 4c01, 3
1673459954, 0B200082, 10, 1
1673459954, 0B200087, 200, 2
1673459955, 0B200081, 14001, 3
1673459955, 0B200081, 1101, 3
1673459955, 0B200080, 13a01, 3
1673459955, 0B200080, 4c01, 3
1673459955, 0B200082, 10, 1
1673459955, 0B200087, 200, 2
1673459956, 0B200081, 14001, 3
1673459956, 0B200081, 1101, 3
1673459956, 0B200080, 13901, 3
1673459956, 0B200080, 4b01, 3
1673459956, 0B200082, 10, 1
1673459956, 0B200087, 200, 2
1673459957, 0B200081, 14001, 3
1673459957, 0B200081, 1101, 3
1673459957, 0B200080, 13a01, 3
1673459957, 0B200080, 4c01, 3
1673459957, 0B200082, 10, 1
1673459957, 0B200087, 200, 2
1673459958, 0B200081, 14001, 3
1673459958, 0B200081, 1101, 3
1673459958, 0B200080, 13901, 3
1673459958, 0B200080, 4b01, 3
1673459958, 0B200082, 10, 1
1673459958, 0B200087, 200, 2
1673459959, 0B200081, 14001, 3
1673459959, 0B200081, 1101, 3
1673459959, 0B200080, 13a01, 3
1673459959, 0B200080, 4b01, 3
1673459959, 0B200082, 10, 1
1673459959, 0B200087, 200, 2
1673459960, 0B200081, 14001, 3
1673459960, 0B200081, 1101, 3
1673459960, 0B200080, 13901, 3
1673459960, 0B200080, 4a01, 3
1673459960, 0B200082, 10, 1
1673459960, 0B200087, 200, 2
1673459961, 0B200081, 14001, 3
1673459961, 0B200081, 1101, 3
1673459961, 0B200080, 13801, 3
1673459961, 0B200080, 4c01, 3
1673459961, 0B200082, 10, 1
1673459961, 0B200087, 200, 2
1673459962, 0B200081, 14001, 3
1673459962, 0B200081, 1101, 3
1673459962, 0B200080, 13a01, 3
1673459962, 0B200080, 4d01, 3
1673459962, 0B200082, 10, 1
1673459962, 0B200087, 200, 2
1673459963, 0B200081, 14001, 3
1673459963, 0B200081, 1101, 3
1673459963, 0B200080, 13b01, 3
1673459963, 0B200080, 4c01, 3
1673459963, 0B200082, 10, 1
1673459963, 0B200087, 200, 2
1673459964, 0B200081, 14001, 3
1673459964, 0B200081, 1101, 3
1673459964, 0B200080, 13c01, 3
1673459964, 0B200080, 4b01, 3
1673459964, 0B200082, 10, 1
1673459964, 0B200087, 200, 2
1673459965, 0B200081, 14001, 3
1673459965, 0B200081, 1101, 3
1673459965, 0B200080, 13901, 3
1673459965, 0B200080, 4a01, 3
1673459965, 0B200082, 10, 1
1673459965, 0B200087, 200, 2
1673459966, 0B200081, 14001, 3
1673459966, 0B200081, 1101, 3
1673459966, 0B200080, 13901, 3
1673459966, 0B200080, 4b01, 3
1673459966, 0B200082, 10, 1
1673459966, 0B200087, 200, 2
1673459967, 0B200081, 14001, 3
1673459967, 0B200081, 1101, 3
1673459967, 0B200080, 13901, 3
1673459967, 0B200080, 4b01, 3
1673459967, 0B200082, 10, 1
1673459967, 0B200087, 200, 2
1673459968, 0B200081, 14001, 3
1673459968, 0B200081, 1101, 3
1673459968, 0B200080, 13a01, 3
1673459968, 0B200080, 4b01, 3
1673459968, 0B200082, 10, 1
1673459968, 0B200087, 200, 2
1673459969, 0B200081, 14001, 3
1673459969, 0B200081, 1101, 3
1673459969, 0B200080, 13a01, 3
1673459969, 0B200080, 4a01, 3
1673459969, 0B200082, 10, 1
1673459969, 0B200087, 200, 2
1673459970, 0B200081, 14001, 3
1673459970, 0B200081, 1101, 3
1673459970, 0B200080, 13901, 3
1673459970, 0B200080, 4b01, 3
1673459970, 0B200082, 10, 1
1673459970, 0B200087, 200, 2
1673459971, 0B200081, 14001, 3
1673459971, 0B200081, 1101, 3
1673459971, 0B200080, 13901, 3
1673459971, 0B200080, 4a01, 3
1673459971, 0B200082, 10, 1
1673459971, 0B200087, 200, 2
1673459972, 0B200081, 14001, 3
1673459972, 0B200081, 1101, 3
1673459972, 0B200080, 13901, 3
1673459972, 0B200080, 4c01, 3
1673459972, 0B200082, 10, 1
1673459972, 0B200087, 200, 2
1673459973, 0B200081, 14001, 3
1673459973, 0B200081, 1101, 3
1673459973, 0B200080, 13a01, 3
1673459973, 0B200080, 4c01, 3
1673459973, 0B200082, 10, 1
1673459973, 0B200087, 200, 2
1673459974, 0B200081, 14001, 3
1673459974, 0B200081, 1101, 3
1673459974, 0B200080, 13901, 3
1673459974, 0B200080, 4c01, 3
1673459974, 0B200082, 10, 1
1673459974, 0B200087, 200, 2
1673459975, 0B200081, 14001, 3
1673459975, 0B200081, 1101, 3
1673459975, 0B200080, 13a01, 3
1673459975, 0B200080, 4c01, 3
1673459975, 0B200082, 10, 1
1673459975, 0B200087, 200, 2
1673459976, 0B200081, 14001, 3
1673459976, 0B200081, 1101, 3
1673459976, 0B200080, 13901, 3
1673459976, 0B200080, 4c01, 3
1673459976, 0B200082, 10, 1
1673459976, 0B200087, 200, 2
1673459977, 0B200081, 14001, 3
1673459977, 0B200081, 1101, 3
1673459977, 0B200080, 13a01, 3
1673459977, 0B200080, 4b01, 3
1673459977, 0B200082, 10, 1
1673459977, 0B200087, 200, 2
1673459978, 0B200081, 14001, 3
1673459978, 0B200081, 1101, 3
1673459978, 0B200080, 13901, 3
1673459978, 0B200080, 4b01, 3
1673459978, 0B200082, 10, 1
1673459978, 0B200087, 200, 2
1673459979, 0B200081, 14001, 3
1673459979, 0B200081, 1101, 3
1673459979, 0B200080, 13a01, 3
1673459979, 0B200080, 4a01, 3
1673459979, 0B200082, 10, 1
1673459979, 0B200087, 200, 2
1673459980, 0B200081, 14001, 3
1673459980, 0B200081, 1101, 3
1673459980, 0B200080, 13a01, 3
1673459980, 0B200080, 4c01, 3
1673459980, 0B200082, 10, 1
1673459980, 0B200087, 200, 2
1673459981, 0B200081, 14001, 3
1673459981, 0B200081, 1101, 3
1673459981, 0B200080, 13a01, 3
1673459981, 0B200080, 4d01, 3
1673459981, 0B200082, 10, 1
1673459981, 0B200087, 200, 2
1673459982, 0B200081, 14001, 3
1673459982, 0B200081, 1101, 3
1673459982, 0B200080, 13901, 3
1673459982, 0B200080, 4c01, 3
1673459982, 0B200082, 10, 1
1673459982, 0B200087, 200, 2
1673459983, 0B200081, 14001, 3
1673459983, 0B200081, 1101, 3
1673459983, 0B200080, 13b01, 3
1673459983, 0B200080, 4b01, 3
1673459983, 0B200082, 10, 1
1673459983, 0B200087, 200, 2
